
TRUNCATE TABLE TBCADLCT
DELETE FROM TBREGOPE
TRUNCATE TABLE TBREGCCR
DELETE FROM TBTIPLCT
TRUNCATE TABLE TBRBBBOL
TRUNCATE TABLE TBBXABOL
TRUNCATE TABLE TBCADTAR
TRUNCATE TABLE TBREGMEN
TRUNCATE TABLE TBSYSUXG
TRUNCATE TABLE TBSYSFXG
TRUNCATE TABLE TBSYSCFG
TRUNCATE TABLE TBCFGBOL
DELETE FROM TBMODTAR
DELETE FROM TBTIPTAR
DELETE FROM TBTIPMOV
DELETE FROM TBSYSFUN
DELETE FROM TBSYSGRP
TRUNCATE TABLE TBCADEND
TRUNCATE TABLE TBCADCTO
DELETE FROM TBCADCTA
TRUNCATE TABLE TBTABGER
DELETE FROM TBREGCRT
DELETE FROM TBCADCRT
DELETE FROM TBUSUPRO
DELETE FROM TBCADPRO
DELETE FROM TBLINPRO/* NAO ALTERE ESTA ORDEM */
DELETE FROM TBNXTNUM

DELETE FROM TBTIPCTO
DELETE FROM TBTIPEND
DELETE FROM TBLGNUSU
DELETE FROM TBCADGER
DELETE FROM TBTIPCTA
DELETE FROM TBCADSTA
DELETE FROM TBTIPATR
DELETE FROM TBTIPUSU
DELETE FROM TBREGCRT
DELETE FROM TBCADCRT
DELETE FROM TBEXPTAR
DELETE FROM TBTIPEXP

INSERT INTO TBSYSCFG (GSTPAD) VALUES (1)
INSERT INTO TBSYSGRP (SYSGRP, DSCGRP) VALUES (1, 'ADMINISTRADOR')
INSERT INTO TBSYSGRP (SYSGRP, DSCGRP) VALUES (2, 'SUPERVISOR')
INSERT INTO TBSYSGRP (SYSGRP, DSCGRP) VALUES (3, 'GESTORES')
INSERT INTO TBSYSGRP (SYSGRP, DSCGRP) VALUES (4, 'ADMINISTRATIVO')

DELETE FROM TBTIPLCT

INSERT INTO TBTIPLCT (TIPLCT, DSCLCT,STAREC) VALUES (0,'N/A',2)
INSERT INTO TBTIPLCT (TIPLCT, DSCLCT) VALUES (9,'LANCAMENTO BAIXA DE BOLETO EM COBRANCA')
INSERT INTO TBTIPLCT (TIPLCT, DSCLCT,CODTAR) VALUES (11,'TRANSFERENCIA PARA OUTROS BANCOS',4)
INSERT INTO TBTIPLCT (TIPLCT, DSCLCT,CODTAR) VALUES (12,'RECARGA DE CARTÃO',4)
INSERT INTO TBTIPLCT (TIPLCT, DSCLCT,CODTAR) VALUES (21,'TRANSFERENCIA CCV PARA CARTAO',3)
INSERT INTO TBTIPLCT (TIPLCT, DSCLCT,CODTAR) VALUES (22,'TRANSFERENCIA ENTRE CONTAS',9)
INSERT INTO TBTIPLCT (TIPLCT, DSCLCT) VALUES (24,'TRANSFERENCIA CARTAO PARA CARTAO')
INSERT INTO TBTIPLCT (TIPLCT, DSCLCT) VALUES (25,'TRANSFERENCIA CARTAO PARA CCV EXTERNA')
INSERT INTO TBTIPLCT (TIPLCT, DSCLCT) VALUES (29,'TRANSFERENCIA PARA CONTA ESPELHO')
INSERT INTO TBTIPLCT (TIPLCT, DSCLCT) VALUES (30,'ADIANTAMENTO DE BONUS')
INSERT INTO TBTIPLCT (TIPLCT, DSCLCT) VALUES (31,'PAGAMENTO DE BONUS')
INSERT INTO TBTIPLCT (TIPLCT, DSCLCT) VALUES (33,'TRANSFERENCIA DA CONTA ESPELHO')
INSERT INTO TBTIPLCT (TIPLCT, DSCLCT) VALUES (34,'CREDITO AVULSO')
INSERT INTO TBTIPLCT (TIPLCT, DSCLCT) VALUES (44,'COMPRAS')
INSERT INTO TBTIPLCT (TIPLCT, DSCLCT) VALUES (55,'REFEIÇÃO')
INSERT INTO TBTIPLCT (TIPLCT, DSCLCT) VALUES (56,'ALIMENTACAO')
INSERT INTO TBTIPLCT (TIPLCT, DSCLCT) VALUES (57,'COMBUSTIVEL')
INSERT INTO TBTIPLCT (TIPLCT, DSCLCT) VALUES (58,'CHARGEBACK COMPRAS')
INSERT INTO TBTIPLCT (TIPLCT, DSCLCT) VALUES (59,'CHARGEBACK REFEIÇÃO')
INSERT INTO TBTIPLCT (TIPLCT, DSCLCT) VALUES (60,'CHARGEBACK ALIMENTACAO')
INSERT INTO TBTIPLCT (TIPLCT, DSCLCT) VALUES (61,'CHARGEBACK COMBUSTIVEL')
INSERT INTO TBTIPLCT (TIPLCT, DSCLCT) VALUES (63,'COMBO MULTI')
INSERT INTO TBTIPLCT (TIPLCT, DSCLCT) VALUES (64,'CHARGEBACK COMBO MULTI')
INSERT INTO TBTIPLCT (TIPLCT, DSCLCT) VALUES (71,'SAQUE')
INSERT INTO TBTIPLCT (TIPLCT, DSCLCT) VALUES (78,'RECARGA DE ORIGEM TED')
INSERT INTO TBTIPLCT (TIPLCT, DSCLCT) VALUES (80,'TED')
INSERT INTO TBTIPLCT (TIPLCT, DSCLCT) VALUES (112,'RECARGA DE CARTÃO EM LOTE')
INSERT INTO TBTIPLCT (TIPLCT, DSCLCT) VALUES (120,'CREDITO DE REFEICAO')
INSERT INTO TBTIPLCT (TIPLCT, DSCLCT) VALUES (121,'CREDITO DE ALIMENTACAO')
INSERT INTO TBTIPLCT (TIPLCT, DSCLCT) VALUES (122,'CREDITO DE COMBUSTIVEL')
INSERT INTO TBTIPLCT (TIPLCT, DSCLCT) VALUES (123,'CREDITO DE SALARIO')
INSERT INTO TBTIPLCT (TIPLCT, DSCLCT) VALUES (124,'CREDITO DE COMBO MULTI')
INSERT INTO TBTIPLCT (TIPLCT, DSCLCT) VALUES (125,'CREDITO DE PREMIACAO')
INSERT INTO TBTIPLCT (TIPLCT, DSCLCT) VALUES (126,'CREDITO DE AJUDA DE CUSTO')
INSERT INTO TBTIPLCT (TIPLCT, DSCLCT) VALUES (127,'CREDITO INCENTIVO')
UPDATE TBTIPLCT SET UPDUSU=2 
UPDATE TBTIPLCT SET USETRF=1 WHERE TIPLCT IN (11,12,21,22,29,30,31,34,120,121,122,123,124,125,126)
UPDATE TBTIPLCT SET INDDEB=2,INDCRD=3,INDLCT=2 WHERE TIPLCT=11
UPDATE TBTIPLCT SET INDDEB=2,INDCRD=1,INDLCT=2 WHERE TIPLCT=21
UPDATE TBTIPLCT SET INDDEB=2,INDCRD=1,INDLCT=2 WHERE TIPLCT=112
UPDATE TBTIPLCT SET INDDEB=1,INDCRD=1,INDLCT=1 WHERE TIPLCT=24
UPDATE TBTIPLCT SET INDDEB=2,INDCRD=2,INDLCT=2 WHERE TIPLCT=22
UPDATE TBTIPLCT SET INDDEB=2,INDCRD=2,INDLCT=19 WHERE TIPLCT=29
UPDATE TBTIPLCT SET INDDEB=19,INDCRD=19,INDLCT=2 WHERE TIPLCT=29
UPDATE TBTIPLCT SET INDDEB=2,INDCRD=2,INDLCT=2 WHERE TIPLCT=44
UPDATE TBTIPLCT SET INDDEB=2,INDCRD=2,INDLCT=2 WHERE TIPLCT=55
UPDATE TBTIPLCT SET INDDEB=2,INDCRD=2,INDLCT=2 WHERE TIPLCT=56
UPDATE TBTIPLCT SET INDDEB=2,INDCRD=2,INDLCT=2 WHERE TIPLCT=57
UPDATE TBTIPLCT SET INDDEB=2,INDCRD=2,INDLCT=2 WHERE TIPLCT=58
UPDATE TBTIPLCT SET INDDEB=2,INDCRD=2,INDLCT=2 WHERE TIPLCT=59
UPDATE TBTIPLCT SET INDDEB=2,INDCRD=2,INDLCT=2 WHERE TIPLCT=60
UPDATE TBTIPLCT SET INDDEB=2,INDCRD=2,INDLCT=2 WHERE TIPLCT=61
UPDATE TBTIPLCT SET INDDEB=2,INDCRD=2,INDLCT=2 WHERE TIPLCT=63
UPDATE TBTIPLCT SET INDDEB=2,INDCRD=2,INDLCT=2 WHERE TIPLCT=64
UPDATE TBTIPLCT SET INDDEB=2,INDCRD=2,INDLCT=2 WHERE TIPLCT=65
UPDATE TBTIPLCT SET INDDEB=2,INDCRD=2,INDLCT=2 WHERE TIPLCT=66
UPDATE TBTIPLCT SET INDDEB=2,INDCRD=2,INDLCT=2 WHERE TIPLCT=78
UPDATE TBTIPLCT SET INDDEB=2,INDCRD=2,INDLCT=2 WHERE TIPLCT=120
UPDATE TBTIPLCT SET INDDEB=2,INDCRD=2,INDLCT=2 WHERE TIPLCT=121
UPDATE TBTIPLCT SET INDDEB=2,INDCRD=2,INDLCT=2 WHERE TIPLCT=122
UPDATE TBTIPLCT SET INDDEB=2,INDCRD=2,INDLCT=2 WHERE TIPLCT=123
UPDATE TBTIPLCT SET INDDEB=2,INDCRD=2,INDLCT=2 WHERE TIPLCT=124
UPDATE TBTIPLCT SET INDDEB=2,INDCRD=2,INDLCT=2 WHERE TIPLCT=125
UPDATE TBTIPLCT SET INDDEB=2,INDCRD=2,INDLCT=2 WHERE TIPLCT=126
UPDATE TBTIPLCT SET INDDEB=2,INDCRD=2,INDLCT=2 WHERE TIPLCT=127
UPDATE TBTIPLCT SET INDDEB=2,INDCRD=2,INDLCT=2 WHERE TIPLCT=128
UPDATE TBTIPLCT SET INDDEB=2,INDCRD=2,INDLCT=2 WHERE TIPLCT=130
UPDATE TBTIPLCT SET INDDEB=2,INDCRD=2,INDLCT=2 WHERE TIPLCT=139

INSERT INTO TBTABGER (NUMTAB, KEYCOD, DSCTAB,USRDSP) VALUES (0, 106, 'TIPO LANCAMENTO - ASSOCIACAO DE ORIGEM',0)
INSERT INTO TBTABGER (NUMTAB, KEYCOD, DSCTAB,USRDSP) VALUES (106, 0, 'N/A',0)
INSERT INTO TBTABGER (NUMTAB, KEYCOD, DSCTAB,USRDSP) VALUES (106, 1, 'CODIGO USUARIO',0)
INSERT INTO TBTABGER (NUMTAB, KEYCOD, DSCTAB,USRDSP) VALUES (106, 2, 'CODIGO DO CARTAO',0)
INSERT INTO TBTABGER (NUMTAB, KEYCOD, DSCTAB,USRDSP) VALUES (106, 3, 'CONTA VIRTUAL EXTERNA',0)

UPDATE TBTIPLCT SET ORGDEB = 1, ORGCRD=3 WHERE TIPLCT = 11
UPDATE TBTIPLCT SET ORGDEB = 1, ORGCRD=2 WHERE TIPLCT IN (12, 21, 112)
UPDATE TBTIPLCT SET ORGDEB = 1, ORGCRD=1 WHERE TIPLCT IN (22,33,34,44,55,56,57,58,59,60,61,63,64,65,66,78,120,121,122,123,124,125,126,127,128,130,139,29,129,30,31)
UPDATE TBTIPLCT SET ORGDEB = 2, ORGCRD=1 WHERE TIPLCT IN (23,27)
UPDATE TBTIPLCT SET ORGDEB = 2, ORGCRD=2 WHERE TIPLCT IN (24)
UPDATE TBTIPLCT SET ORGDEB = 2, ORGCRD=3 WHERE TIPLCT IN (25)
INSERT INTO TBCADLCT (TIPLCT, LINLCT,CODTRM,NUMORD,INDDEB, INDCRD,MOVDEB,MOVCRD,STAREG,IDEPRE) 
VALUES               (    29,      1,     1,     1,     2,     19,	   1,     1,    21,     0)
INSERT INTO TBCADLCT (TIPLCT, LINLCT,CODTRM,NUMORD,INDDEB, INDCRD,MOVDEB,MOVCRD,STAREG,IDEPRE) 
VALUES               (    29,      1,     2,     1,    19,      2,	   1,     1,    21,     0)
INSERT INTO TBCADLCT (TIPLCT, LINLCT,CODTRM,NUMORD,INDDEB, INDCRD,MOVDEB,MOVCRD,STAREG,IDEPRE) 
VALUES               (    29,      1,     3,     1,    19,      2,	   1,     1,    21,     0)

INSERT INTO TBCADLCT (TIPLCT, LINLCT,CODTRM,NUMORD,INDDEB, INDCRD,MOVDEB,MOVCRD,STAREG,IDEPRE) 
VALUES               (    33,      1,     1,     1,    19,      2,	   1,     1,    21,     0)
INSERT INTO TBCADLCT (TIPLCT, LINLCT,CODTRM,NUMORD,INDDEB, INDCRD,MOVDEB,MOVCRD,STAREG,IDEPRE) 
VALUES               (    33,      1,     2,     1,     2,     19,	   1,     1,    21,     0)
INSERT INTO TBCADLCT (TIPLCT, LINLCT,CODTRM,NUMORD,INDDEB, INDCRD,MOVDEB,MOVCRD,STAREG,IDEPRE) 
VALUES               (    33,      1,     3,     1,     2,     19,	   1,     1,    21,     0)


INSERT INTO TBCADLCT (TIPLCT, LINLCT,CODTRM,NUMORD,INDDEB, INDCRD,MOVDEB,MOVCRD,STAREG,IDEPRE) VALUES (11,1,1,1,2,3,9,9,22,0)
INSERT INTO TBCADLCT (TIPLCT, LINLCT,CODTRM,NUMORD,INDDEB, INDCRD,MOVDEB,MOVCRD,STAREG,IDEPRE) VALUES (11,1,2,1,3,2,9,9,23,0)
INSERT INTO TBCADLCT (TIPLCT, LINLCT,CODTRM,NUMORD,INDDEB, INDCRD,MOVDEB,MOVCRD,STAREG,IDEPRE) VALUES (11,1,3,1,3,2,9,9,25,0)
INSERT INTO TBCADLCT (TIPLCT, LINLCT,CODTRM,NUMORD,INDDEB, INDCRD,MOVDEB,MOVCRD,STAREG,IDEPRE) VALUES (11,2,1,1,2,0,10,0,22,0)
INSERT INTO TBCADLCT (TIPLCT, LINLCT,CODTRM,NUMORD,INDDEB, INDCRD,MOVDEB,MOVCRD,STAREG,IDEPRE) VALUES (11,2,2,1,0,2,0,10,23,0)

INSERT INTO TBCADLCT (TIPLCT, LINLCT,CODTRM,NUMORD,INDDEB, INDCRD,MOVDEB,MOVCRD,STAREG,IDEPRE) 
VALUES               (    21,      1,     1,     1,      2,     1,	  11,    15,    21,     0)
INSERT INTO TBCADLCT (TIPLCT, LINLCT,CODTRM,NUMORD,INDDEB, INDCRD,MOVDEB,MOVCRD,STAREG,IDEPRE) 
VALUES               (    21,      2,     1,     1,      2,     6,    12,    12,    21,     0)

INSERT INTO TBCADLCT (TIPLCT, LINLCT,CODTRM,NUMORD,INDDEB, INDCRD,MOVDEB,MOVCRD,STAREG,IDEPRE) 
VALUES               (    21,      1,     2,     1,     1,      2,	  15,    11,    21,     0)
INSERT INTO TBCADLCT (TIPLCT, LINLCT,CODTRM,NUMORD,INDDEB, INDCRD,MOVDEB,MOVCRD,STAREG,IDEPRE) 
VALUES               (    21,      2,     2,     1,     6,      2,    12,    12,    21,     0)

INSERT INTO TBCADLCT (TIPLCT, LINLCT,CODTRM,NUMORD,INDDEB, INDCRD,MOVDEB,MOVCRD,STAREG,IDEPRE) 
VALUES               (    21,      1,     3,     1,     1,      2,	  15,    11,    21,     0)


INSERT INTO TBCADLCT (TIPLCT, LINLCT,CODTRM,NUMORD,INDDEB, INDCRD,MOVDEB,MOVCRD,STAREG,IDEPRE) VALUES (22,1,1,1,2,2,1,1,21,0)
INSERT INTO TBCADLCT (TIPLCT, LINLCT,CODTRM,NUMORD,INDDEB, INDCRD,MOVDEB,MOVCRD,STAREG,IDEPRE) VALUES (22,2,1,1,2,6,2,2,21,0)
INSERT INTO TBCADLCT (TIPLCT, LINLCT,CODTRM,NUMORD,INDDEB, INDCRD,MOVDEB,MOVCRD,STAREG,IDEPRE) VALUES (22,1,2,1,2,2,1,1,23,0)
INSERT INTO TBCADLCT (TIPLCT, LINLCT,CODTRM,NUMORD,INDDEB, INDCRD,MOVDEB,MOVCRD,STAREG,IDEPRE) VALUES (22,2,2,1,6,2,2,2,23,0)
INSERT INTO TBCADLCT (TIPLCT, LINLCT,CODTRM,NUMORD,INDDEB, INDCRD,MOVDEB,MOVCRD,STAREG,IDEPRE) VALUES (22,1,3,1,2,2,1,1,25,0)

DECLARE @TB1 TABLE (ID INT IDENTITY(1,1), TIPLCT SMALLINT)
INSERT @TB1 (TIPLCT) VALUES (22) 
INSERT @TB1 (TIPLCT) VALUES (120)
INSERT @TB1 (TIPLCT) VALUES (121)
INSERT @TB1 (TIPLCT) VALUES (122)
INSERT @TB1 (TIPLCT) VALUES (123)
INSERT @TB1 (TIPLCT) VALUES (124)
INSERT @TB1 (TIPLCT) VALUES (125)
INSERT @TB1 (TIPLCT) VALUES (126)
INSERT @TB1 (TIPLCT) VALUES (127)
INSERT @TB1 (TIPLCT) VALUES (128)
INSERT @TB1 (TIPLCT) VALUES (130)
INSERT @TB1 (TIPLCT) VALUES (34)
INSERT @TB1 (TIPLCT) VALUES (44)
INSERT @TB1 (TIPLCT) VALUES (55)
INSERT @TB1 (TIPLCT) VALUES (56)
INSERT @TB1 (TIPLCT) VALUES (57)
INSERT @TB1 (TIPLCT) VALUES (58)
INSERT @TB1 (TIPLCT) VALUES (59)
INSERT @TB1 (TIPLCT) VALUES (60)
INSERT @TB1 (TIPLCT) VALUES (61)
INSERT @TB1 (TIPLCT) VALUES (63)
INSERT @TB1 (TIPLCT) VALUES (64)
INSERT @TB1 (TIPLCT) VALUES (78)
INSERT @TB1 (TIPLCT) VALUES (139)
INSERT @TB1 (TIPLCT) VALUES (65)
INSERT @TB1 (TIPLCT) VALUES (66)

DECLARE @TLCT INT=0
DECLARE @CLCT INT=1
SELECT @TLCT = MAX(ID) FROM @TB1
DECLARE @TIPLCT SMALLINT
WHILE (@CLCT<=@TLCT)
    BEGIN
	    SELECT @TIPLCT = TIPLCT FROM @TB1 WHERE ID=@CLCT
		BEGIN
			INSERT INTO TBCADLCT (TIPLCT, LINLCT,CODTRM,NUMORD,INDDEB, INDCRD,MOVDEB,MOVCRD,STAREG,IDEPRE) VALUES (@TIPLCT,1,1,1,2,2,1,1,21,0)
			INSERT INTO TBCADLCT (TIPLCT, LINLCT,CODTRM,NUMORD,INDDEB, INDCRD,MOVDEB,MOVCRD,STAREG,IDEPRE) VALUES (@TIPLCT,2,1,1,2,6,2,2,21,0)
			INSERT INTO TBCADLCT (TIPLCT, LINLCT,CODTRM,NUMORD,INDDEB, INDCRD,MOVDEB,MOVCRD,STAREG,IDEPRE) VALUES (@TIPLCT,1,2,1,2,2,1,1,23,0)
			INSERT INTO TBCADLCT (TIPLCT, LINLCT,CODTRM,NUMORD,INDDEB, INDCRD,MOVDEB,MOVCRD,STAREG,IDEPRE) VALUES (@TIPLCT,2,2,1,6,2,2,2,23,0)
			INSERT INTO TBCADLCT (TIPLCT, LINLCT,CODTRM,NUMORD,INDDEB, INDCRD,MOVDEB,MOVCRD,STAREG,IDEPRE) VALUES (@TIPLCT,1,3,1,2,2,1,1,25,0)
		END
	   SET @CLCT=@CLCT + 1
	END


SELECT DISTINCT TIPLCT, INDDEB, INDCRD FROM TBCADCLT WHERE CODTRM=1










INSERT INTO TBCFGBOL (USUCFG, NIVCFG,TIPBOL,CODTAR,TIPEXT,STAREC) VALUES (0,0,1,1,' ',2)
INSERT INTO TBCFGBOL (USUCFG, NIVCFG,TIPBOL,CODTAR,TIPEXT,STAREC) VALUES (0,0,5,7,' ',2)

INSERT INTO TBTIPMOV (CODMOV, DSCMOV,SIGOPE,STAREC,SUBSYS) VALUES (0, 'SEM OPERACAO',0,2,0)
INSERT INTO TBTIPMOV (CODMOV, DSCMOV,SIGOPE,SUBSYS) VALUES (1, 'TRANSFERENCIA ENTRE CONTAS',-1,1)
INSERT INTO TBTIPMOV (CODMOV, DSCMOV,SIGOPE,SUBSYS) VALUES (2, 'TARIFA TRANST ENTRE CONTAS',-1,1)
INSERT INTO TBTIPMOV (CODMOV, DSCMOV,SIGOPE,SUBSYS) VALUES (3, 'CREDITO ECOMMERCE',1,1)
INSERT INTO TBTIPMOV (CODMOV, DSCMOV,SIGOPE,SUBSYS) VALUES (4, 'TARIFA OP ECOMM',-1,1)
INSERT INTO TBTIPMOV (CODMOV, DSCMOV,SIGOPE,SUBSYS) VALUES (5, 'CREDITO OP DEB',1,1)
INSERT INTO TBTIPMOV (CODMOV, DSCMOV,SIGOPE,SUBSYS) VALUES (6, 'TARIFA OP DEB',-1,1)
INSERT INTO TBTIPMOV (CODMOV, DSCMOV,SIGOPE,SUBSYS) VALUES (7, 'CREDITO OP CRED',1,1)
INSERT INTO TBTIPMOV (CODMOV, DSCMOV,SIGOPE,SUBSYS) VALUES (8, 'TARIFA OP CRED',-1,1)
INSERT INTO TBTIPMOV (CODMOV, DSCMOV,SIGOPE,SUBSYS) VALUES (9, 'TRANSF OUTROS BANCOS',-1,1)
INSERT INTO TBTIPMOV (CODMOV, DSCMOV,SIGOPE,SUBSYS) VALUES (10, 'TARIFA TRANSF OUTROS BANCOS',-1,1)
INSERT INTO TBTIPMOV (CODMOV, DSCMOV,SIGOPE,SUBSYS) VALUES (11, 'TRANSF P/ CARTAO',-1,1)
INSERT INTO TBTIPMOV (CODMOV, DSCMOV,SIGOPE,SUBSYS) VALUES (12, 'TARIFA TRANSF P/CARTAO',-1,1)
INSERT INTO TBTIPMOV (CODMOV, DSCMOV,SIGOPE,SUBSYS) VALUES (13, 'CREDITO RECEBIMENTO',1,1)
INSERT INTO TBTIPMOV (CODMOV, DSCMOV,SIGOPE,SUBSYS) VALUES (14, 'TARIFA SOBRE RECEBIMENTO',1,1)
INSERT INTO TBTIPMOV (CODMOV, DSCMOV,SIGOPE,SUBSYS,DSCEXT) VALUES (15, 'TRANSF CONTA',-1,1,'@NUMCTA - @MOMUSU')
INSERT INTO TBTIPMOV (CODMOV, DSCMOV,SIGOPE,SUBSYS) VALUES (500, 'VALOR DA MENSALIDADE',1,3)
INSERT INTO TBTIPMOV (CODMOV, DSCMOV,SIGOPE,SUBSYS) VALUES (501, 'VALOR DO BOLETO',1,2)
INSERT INTO TBTIPMOV (CODMOV, DSCMOV,SIGOPE,SUBSYS) VALUES (510, 'VALOR DA TARIFA',1,2)
INSERT INTO TBTIPMOV (CODMOV, DSCMOV,SIGOPE,SUBSYS) VALUES (520, 'MULTA',1,2)
INSERT INTO TBTIPMOV (CODMOV, DSCMOV,SIGOPE,SUBSYS) VALUES (521, 'JUROS',1,2)
INSERT INTO TBTIPMOV (CODMOV, DSCMOV,SIGOPE,SUBSYS) VALUES (522, 'MORA',1,2)
INSERT INTO TBTIPMOV (CODMOV, DSCMOV,SIGOPE,SUBSYS) VALUES (523, 'DESCONTO',-1,2)
INSERT INTO TBTIPMOV (CODMOV, DSCMOV,SIGOPE,SUBSYS) VALUES (524, 'TAXA EXTERNA DE COBRANÇA',0,2)
INSERT INTO TBTIPMOV (CODMOV, DSCMOV,SIGOPE,SUBSYS) VALUES (530, 'TAXA DE DEPOSITANTE',1,2)
INSERT INTO TBTIPMOV (CODMOV, DSCMOV,SIGOPE,SUBSYS) VALUES (540, 'VALOR RECEBIDO',1,2)

UPDATE TBTIPMOV SET SUBSYS=1 WHERE CODMOV<500
UPDATE TBTIPMOV SET SUBSYS=3 WHERE CODMOV=500
UPDATE TBTIPMOV SET SUBSYS=2 WHERE CODMOV>500

INSERT INTO TBTIPUSU (TIPUSU, DSCTUS,STAREC) VALUES (0,'N/D',1);
INSERT INTO TBTIPUSU (TIPUSU, DSCTUS,STAREC) VALUES (1,'ADMINISTRADOR',2);
INSERT INTO TBTIPUSU (TIPUSU, DSCTUS,STAREC) VALUES (2,'SUPERVISOR',2);
INSERT INTO TBTIPUSU (TIPUSU, DSCTUS,STAREC) VALUES (3,'GESTOR',2);
INSERT INTO TBTIPUSU (TIPUSU, DSCTUS,STAREC) VALUES (4,'PORTADOR',1);
UPDATE TBTIPUSU SET UPDUSU=1

INSERT INTO TBTIPATR (CODATR, DSCATR,USELGN,USEACT,USETAR,USEBOL) VALUES (1,'EMPRESA',0,0,0,0);
INSERT INTO TBTIPATR (CODATR, DSCATR,USELGN,USEACT,USETAR,USEBOL) VALUES (2,'USUARIOS',1,0,1,1);
INSERT INTO TBTIPATR (CODATR, DSCATR,USELGN,USEACT,USETAR,USEBOL) VALUES (3,'GESTORES',1,1,1,1);
INSERT INTO TBTIPATR (CODATR, DSCATR,USELGN,USEACT,USETAR,USEBOL) VALUES (4,'CLIENTES',1,1,1,1);
INSERT INTO TBTIPATR (CODATR, DSCATR,USELGN,USEACT,USETAR,USEBOL) VALUES (5,'FORNECEDORES',0,0,0,0);
INSERT INTO TBTIPATR (CODATR, DSCATR,USELGN,USEACT,USETAR,USEBOL) VALUES (6,'SACADOS',0,0,0,1);
INSERT INTO TBTIPATR (CODATR, DSCATR,USELGN,USEACT,USETAR,USEBOL) VALUES (7,'BANCOS',0,0,0,1);
UPDATE TBTIPATR SET UPDUSU=1


INSERT INTO TBMODTAR (MODCRT, DSCMOD,PARINI, PARFIN,UPDUSU) VALUES (0, 'N/A',0,0,1)

INSERT INTO TBTIPEXP (TIPEXP, DSCEXP, LVLREG, STAREC,UPDUSU) VALUES (0, 'N/A',0,2,1)

INSERT INTO TBTABGER (NUMTAB, KEYCOD, DSCTAB) VALUES (0, 1, 'PAÍSES')
INSERT INTO TBTABGER (NUMTAB, KEYCOD, DSCTAB) VALUES (0, 2, 'UNIDADES DA FEDERACAO')
INSERT INTO TBTABGER (NUMTAB, KEYCOD, DSCTAB) VALUES (0, 6, 'PROXIMOS NUMEROS')
INSERT INTO TBTABGER (NUMTAB, KEYCOD, DSCTAB) VALUES (0, 7, 'STATUS DE REGISTRO')
INSERT INTO TBTABGER (NUMTAB, KEYCOD, DSCTAB) VALUES (0, 8, 'TIPO DE PESSOA')
INSERT INTO TBTABGER (NUMTAB, KEYCOD, DSCTAB) VALUES (0, 10, 'SINAL DA OPERACAO')
INSERT INTO TBTABGER (NUMTAB, KEYCOD, DSCTAB) VALUES (0, 12, 'BANCOS')
INSERT INTO TBTABGER (NUMTAB, KEYCOD, DSCTAB) VALUES (0, 13, 'GÊNERO')
INSERT INTO TBTABGER (NUMTAB, KEYCOD, DSCTAB) VALUES (0, 14, 'MODULOS')
INSERT INTO TBTABGER (NUMTAB, KEYCOD, DSCTAB) VALUES (0, 16, 'TIPOS DE BOLETO')
INSERT INTO TBTABGER (NUMTAB, KEYCOD, DSCTAB) VALUES (0, 20, 'TIPO DE BENEFICIARIO')
INSERT INTO TBTABGER (NUMTAB, KEYCOD, DSCTAB) VALUES (0, 23, 'ORIGEM DA CONTA')
INSERT INTO TBTABGER (NUMTAB, KEYCOD, DSCTAB) VALUES (0, 29, 'CONDICOES DE BLOQUEIO')
INSERT INTO TBTABGER (NUMTAB, KEYCOD, DSCTAB) VALUES (0, 30, 'FORMA DE COBRANCA DA TARIFA')
INSERT INTO TBTABGER (NUMTAB, KEYCOD, DSCTAB) VALUES (0, 39, 'INDICADOR DE LANCAMENTO')
INSERT INTO TBTABGER (NUMTAB, KEYCOD, DSCTAB) VALUES (0, 44, 'TIPOS DE OPERACOES POS')
INSERT INTO TBTABGER (NUMTAB, KEYCOD, DSCTAB) VALUES (0, 45, 'OPERADORAS DE TELEFONIA')
INSERT INTO TBTABGER (NUMTAB, KEYCOD, DSCTAB) VALUES (0, 50, 'TIPO DE MENSALIDADES')
INSERT INTO TBTABGER (NUMTAB, KEYCOD, DSCTAB) VALUES (0, 54, 'NIVEL DE CONFIANÇA')
INSERT INTO TBTABGER (NUMTAB, KEYCOD, DSCTAB) VALUES (0, 59, 'TIPO DE TRANSACAO DE MOVIMENTO')
INSERT INTO TBTABGER (NUMTAB, KEYCOD, DSCTAB) VALUES (0, 63, 'BANDEIRAS')
INSERT INTO TBTABGER (NUMTAB, KEYCOD, DSCTAB) VALUES (0, 65, 'TIPOS DE LOGON')
INSERT INTO TBTABGER (NUMTAB, KEYCOD, DSCTAB) VALUES (0, 76, 'ESTADO CIVIL')
INSERT INTO TBTABGER (NUMTAB, KEYCOD, DSCTAB) VALUES (0, 80, 'NACIONALIDADES')
INSERT INTO TBTABGER (NUMTAB, KEYCOD, DSCTAB) VALUES (0, 81, 'LOGRADOUROS')
INSERT INTO TBTABGER (NUMTAB, KEYCOD, DSCTAB) VALUES (0, 92, 'PERSONALIDADE JURIDICA')
INSERT INTO TBTABGER (NUMTAB, KEYCOD, DSCTAB) VALUES (0, 93, 'SUBSISTEMAS')
INSERT INTO TBTABGER (NUMTAB, KEYCOD, DSCTAB) VALUES (0, 94, 'REGRAS DE EXPANSAO DE TARIFAS')
INSERT INTO TBTABGER (NUMTAB, KEYCOD, DSCTAB,USRDSP) VALUES (0, 105, 'RESPONSAVEL PELA TARIFA',0)
INSERT INTO TBTABGER (NUMTAB, KEYCOD, DSCTAB,USRDSP) VALUES (0, 298, 'MOEDAS',0)
INSERT INTO TBTABGER (NUMTAB, KEYCOD, DSCTAB,USRDSP) VALUES (0, 299, 'TABELAS INTERNAS DO SISTEMA',0)
INSERT INTO TBTABGER (NUMTAB, KEYCOD, DSCTAB,USRDSP) VALUES (0, 304, 'FINALIDADES TED MESMA TITULARIDADE',0)
INSERT INTO TBTABGER (NUMTAB, KEYCOD, DSCTAB,USRDSP) VALUES (0, 305, 'FINALIDADES TED DIFERENTE TITULARIDADE',0)
INSERT INTO TBTABGER (NUMTAB, KEYCOD, DSCTAB,USRDSP) VALUES (0, 912, 'TIPO APLICAÇÃO DE TAXA DE DEPOSITANTE',0)
INSERT INTO TBTABGER (NUMTAB, KEYCOD, DSCTAB,USRDSP) VALUES (0, 920, 'TIPO DE BAIXA DE BOLETO',0)
INSERT INTO TBTABGER (NUMTAB, KEYCOD, DSCTAB,USRDSP) VALUES (0, 921, 'NIVEL DE APLICACAO EXPANSAO DE TARIFAS',0)
INSERT INTO TBTABGER (NUMTAB, KEYCOD, DSCTAB,USRDSP) VALUES (0, 947, 'NIVEL DE CONFIGURACAO DO USUARIO',0)




INSERT INTO TBTABGER (NUMTAB, KEYCOD, DSCTAB) VALUES (65, 0, 'N/D')
INSERT INTO TBTABGER (NUMTAB, KEYCOD, DSCTAB) VALUES (65, 1, 'ACESSO POR LOGIN DE USUARIO E SENHA')
INSERT INTO TBTABGER (NUMTAB, KEYCOD, DSCTAB) VALUES (65, 2, 'ACESSO POR CPF/CNPJ')
INSERT INTO TBTABGER (NUMTAB, KEYCOD, DSCTAB) VALUES (65, 3, 'ACESSO POR EMAIL ATIVO')
INSERT INTO TBTABGER (NUMTAB, KEYCOD, DSCTAB) VALUES (65, 4, 'ACESSO POR NUMERO DE CARTAO ATIVO')
INSERT INTO TBTABGER (NUMTAB, KEYCOD, DSCTAB) VALUES (7, 0, 'INATIVO')
INSERT INTO TBTABGER (NUMTAB, KEYCOD, DSCTAB) VALUES (7, 1, 'ATIVO')
INSERT INTO TBTABGER (NUMTAB, KEYCOD, DSCTAB) VALUES (7, 2, 'RESERVADO')
INSERT INTO TBTABGER (NUMTAB, KEYCOD, DSCTAB) VALUES (7, 9, 'BAIXADO')
INSERT INTO TBTABGER (NUMTAB, KEYCOD, DSCTAB) VALUES (7, 13, 'CANCELADO')
INSERT INTO TBTABGER (NUMTAB, KEYCOD, DSCTAB) VALUES (7, 15, 'ERRO DE FECHAMENTO')
INSERT INTO TBTABGER (NUMTAB, KEYCOD, DSCTAB) VALUES (1, 1 ,'Estados Unidos');
INSERT INTO TBTABGER (NUMTAB, KEYCOD, DSCTAB) VALUES (1, 7 ,'Rússia');
INSERT INTO TBTABGER (NUMTAB, KEYCOD, DSCTAB) VALUES (1, 20,'Egipto');
INSERT INTO TBTABGER (NUMTAB, KEYCOD, DSCTAB) VALUES (1, 27,'África');
INSERT INTO TBTABGER (NUMTAB, KEYCOD, DSCTAB) VALUES (1, 30,'Grécia');
INSERT INTO TBTABGER (NUMTAB, KEYCOD, DSCTAB) VALUES (1, 31,'Países Baixos');
INSERT INTO TBTABGER (NUMTAB, KEYCOD, DSCTAB) VALUES (1, 32,'Bélgica');
INSERT INTO TBTABGER (NUMTAB, KEYCOD, DSCTAB) VALUES (1, 33,'França');
INSERT INTO TBTABGER (NUMTAB, KEYCOD, DSCTAB) VALUES (1, 34,'Espanha');
INSERT INTO TBTABGER (NUMTAB, KEYCOD, DSCTAB) VALUES (1, 36,'Hungria');
INSERT INTO TBTABGER (NUMTAB, KEYCOD, DSCTAB) VALUES (1, 39,'Itália');
INSERT INTO TBTABGER (NUMTAB, KEYCOD, DSCTAB) VALUES (1, 40,'Romênia');
INSERT INTO TBTABGER (NUMTAB, KEYCOD, DSCTAB) VALUES (1, 41,'Suíça');
INSERT INTO TBTABGER (NUMTAB, KEYCOD, DSCTAB) VALUES (1, 43,'Áustria');
INSERT INTO TBTABGER (NUMTAB, KEYCOD, DSCTAB) VALUES (1, 44,'Reino Unido');
INSERT INTO TBTABGER (NUMTAB, KEYCOD, DSCTAB) VALUES (1, 45,'Dinamarca');
INSERT INTO TBTABGER (NUMTAB, KEYCOD, DSCTAB) VALUES (1, 46,'Suécia');
INSERT INTO TBTABGER (NUMTAB, KEYCOD, DSCTAB) VALUES (1, 47,'Noruega');
INSERT INTO TBTABGER (NUMTAB, KEYCOD, DSCTAB) VALUES (1, 48,'Polônia');
INSERT INTO TBTABGER (NUMTAB, KEYCOD, DSCTAB) VALUES (1, 49,'Alemanha');
INSERT INTO TBTABGER (NUMTAB, KEYCOD, DSCTAB) VALUES (1, 51,'Peru');
INSERT INTO TBTABGER (NUMTAB, KEYCOD, DSCTAB) VALUES (1, 52,'México');
INSERT INTO TBTABGER (NUMTAB, KEYCOD, DSCTAB) VALUES (1, 53,'Cuba');
INSERT INTO TBTABGER (NUMTAB, KEYCOD, DSCTAB) VALUES (1, 54,'Argentina');
INSERT INTO TBTABGER (NUMTAB, KEYCOD, DSCTAB) VALUES (1, 55,'Brasil');
INSERT INTO TBTABGER (NUMTAB, KEYCOD, DSCTAB) VALUES (1, 56,'Chile');
INSERT INTO TBTABGER (NUMTAB, KEYCOD, DSCTAB) VALUES (1, 57,'Colômbia');
INSERT INTO TBTABGER (NUMTAB, KEYCOD, DSCTAB) VALUES (1, 58,'Venezuela');
INSERT INTO TBTABGER (NUMTAB, KEYCOD, DSCTAB) VALUES (1, 60,'Malásia');
INSERT INTO TBTABGER (NUMTAB, KEYCOD, DSCTAB) VALUES (1, 61,'Austrália');
INSERT INTO TBTABGER (NUMTAB, KEYCOD, DSCTAB) VALUES (1, 62,'Indonésia');
INSERT INTO TBTABGER (NUMTAB, KEYCOD, DSCTAB) VALUES (1, 63,'Filipinas');
INSERT INTO TBTABGER (NUMTAB, KEYCOD, DSCTAB) VALUES (1, 64,'Nova Zelândia');
INSERT INTO TBTABGER (NUMTAB, KEYCOD, DSCTAB) VALUES (1, 65,'Singapura');
INSERT INTO TBTABGER (NUMTAB, KEYCOD, DSCTAB) VALUES (1, 66,'Tailândia');
INSERT INTO TBTABGER (NUMTAB, KEYCOD, DSCTAB) VALUES (1, 81,'Japão');
INSERT INTO TBTABGER (NUMTAB, KEYCOD, DSCTAB) VALUES (1, 82,'Coreia do Sul');
INSERT INTO TBTABGER (NUMTAB, KEYCOD, DSCTAB) VALUES (1, 84,'Vietnã');
INSERT INTO TBTABGER (NUMTAB, KEYCOD, DSCTAB) VALUES (1, 86,'China');
INSERT INTO TBTABGER (NUMTAB, KEYCOD, DSCTAB) VALUES (1, 90,'Turquia');
INSERT INTO TBTABGER (NUMTAB, KEYCOD, DSCTAB) VALUES (1, 91,'Índia');
INSERT INTO TBTABGER (NUMTAB, KEYCOD, DSCTAB) VALUES (1, 92,'Paquistão');
INSERT INTO TBTABGER (NUMTAB, KEYCOD, DSCTAB) VALUES (1, 93,'Afeganistão');
INSERT INTO TBTABGER (NUMTAB, KEYCOD, DSCTAB) VALUES (1, 94,'Seri Lanca');
INSERT INTO TBTABGER (NUMTAB, KEYCOD, DSCTAB) VALUES (1, 95,'Mianmar');
INSERT INTO TBTABGER (NUMTAB, KEYCOD, DSCTAB) VALUES (1, 98,'Irã');
INSERT INTO TBTABGER (NUMTAB, KEYCOD, KEYTXT, DSCTAB) VALUES (2, 1,'  ','')
INSERT INTO TBTABGER (NUMTAB, KEYCOD, KEYTXT, DSCTAB,USRDSP) VALUES (2, 1,'00','',0)
INSERT INTO TBTABGER (NUMTAB, KEYCOD, KEYTXT, DSCTAB) VALUES (2, 2,'AC','ACRE')
INSERT INTO TBTABGER (NUMTAB, KEYCOD, KEYTXT, DSCTAB) VALUES (2, 3,'AL','ALAGOAS')
INSERT INTO TBTABGER (NUMTAB, KEYCOD, KEYTXT, DSCTAB) VALUES (2, 4,'AP','AMAPA')
INSERT INTO TBTABGER (NUMTAB, KEYCOD, KEYTXT, DSCTAB) VALUES (2, 5,'AM','AMAZONAS')
INSERT INTO TBTABGER (NUMTAB, KEYCOD, KEYTXT, DSCTAB) VALUES (2, 6,'BA','BAHIA')
INSERT INTO TBTABGER (NUMTAB, KEYCOD, KEYTXT, DSCTAB) VALUES (2, 7,'CE','CEARA')
INSERT INTO TBTABGER (NUMTAB, KEYCOD, KEYTXT, DSCTAB) VALUES (2, 8,'DF','DISTRITO FEDERAL')
INSERT INTO TBTABGER (NUMTAB, KEYCOD, KEYTXT, DSCTAB) VALUES (2, 9,'ES','ESPIRITO SANTO')
INSERT INTO TBTABGER (NUMTAB, KEYCOD, KEYTXT, DSCTAB) VALUES (2, 10,'GO','GOIAS')
INSERT INTO TBTABGER (NUMTAB, KEYCOD, KEYTXT, DSCTAB) VALUES (2, 11,'MA','MARANHAO')
INSERT INTO TBTABGER (NUMTAB, KEYCOD, KEYTXT, DSCTAB) VALUES (2, 12,'MT','MATO GROSSO')
INSERT INTO TBTABGER (NUMTAB, KEYCOD, KEYTXT, DSCTAB) VALUES (2, 13,'MS','MATO GROSSO DO SUL')
INSERT INTO TBTABGER (NUMTAB, KEYCOD, KEYTXT, DSCTAB) VALUES (2, 14,'MG','MINAS GERAIS')
INSERT INTO TBTABGER (NUMTAB, KEYCOD, KEYTXT, DSCTAB) VALUES (2, 15,'PA','PARA')
INSERT INTO TBTABGER (NUMTAB, KEYCOD, KEYTXT, DSCTAB) VALUES (2, 16,'PB','PARAIBA')
INSERT INTO TBTABGER (NUMTAB, KEYCOD, KEYTXT, DSCTAB) VALUES (2, 17,'PR','PARANA')
INSERT INTO TBTABGER (NUMTAB, KEYCOD, KEYTXT, DSCTAB) VALUES (2, 18,'PE','PERNAMBUCO')
INSERT INTO TBTABGER (NUMTAB, KEYCOD, KEYTXT, DSCTAB) VALUES (2, 19,'PI','PIAUI')
INSERT INTO TBTABGER (NUMTAB, KEYCOD, KEYTXT, DSCTAB) VALUES (2, 20,'RJ','RIO DE JANEIRO')
INSERT INTO TBTABGER (NUMTAB, KEYCOD, KEYTXT, DSCTAB) VALUES (2, 21,'RN','RIO GRANDE DO NORTE')
INSERT INTO TBTABGER (NUMTAB, KEYCOD, KEYTXT, DSCTAB) VALUES (2, 22,'RS','RIO GRANDE DO SUL')
INSERT INTO TBTABGER (NUMTAB, KEYCOD, KEYTXT, DSCTAB) VALUES (2, 23,'RO','RONDONIA')
INSERT INTO TBTABGER (NUMTAB, KEYCOD, KEYTXT, DSCTAB) VALUES (2, 24,'SC','SANTA CATARINA')
INSERT INTO TBTABGER (NUMTAB, KEYCOD, KEYTXT, DSCTAB) VALUES (2, 25,'SP','SAO PAULO')
INSERT INTO TBTABGER (NUMTAB, KEYCOD, KEYTXT, DSCTAB) VALUES (2, 26,'SE','SERGIPE')
INSERT INTO TBTABGER (NUMTAB, KEYCOD, KEYTXT, DSCTAB) VALUES (2, 27,'TO','TOCANTINS')

INSERT INTO TBTABGER (NUMTAB, KEYCOD, KEYTXT, DSCTAB) VALUES (6, 1,'','USUARIOS')
INSERT INTO TBTABGER (NUMTAB, KEYCOD, KEYTXT, DSCTAB) VALUES (6, 3,'','PRODUTOS')
INSERT INTO TBTABGER (NUMTAB, KEYCOD, KEYTXT, DSCTAB) VALUES (6, 4,'','BASE INICIAL DA CONTA')
INSERT INTO TBTABGER (NUMTAB, KEYCOD, KEYTXT, DSCTAB) VALUES (6, 5,'','REGISTRO DE CARTOES')
INSERT INTO TBTABGER (NUMTAB, KEYCOD, KEYTXT, DSCTAB) VALUES (6, 7,'','ID DE CONTROLE DE BAIXA DE BOLETOS')
INSERT INTO TBTABGER (NUMTAB, KEYCOD, KEYTXT, DSCTAB) VALUES (6, 6,'','ID DE TRANSACAO')
INSERT INTO TBTABGER (NUMTAB, KEYCOD, KEYTXT, DSCTAB) VALUES (6, 10,'','NUMERO DE LOTE DE USUARIO')
INSERT INTO TBTABGER (NUMTAB, KEYCOD, KEYTXT, DSCTAB) VALUES (6, 11,'','NUMERO DE LOTE DE CARTOES')
INSERT INTO TBTABGER (NUMTAB, KEYCOD, KEYTXT, DSCTAB) VALUES (6, 12,'','NUMERO DE LOTE DE C/C')
INSERT INTO TBTABGER (NUMTAB, KEYCOD, KEYTXT, DSCTAB) VALUES (6, 13,'','NUMERO DE LOTE DE IMPORTACAO')
INSERT INTO TBTABGER (NUMTAB, KEYCOD, KEYTXT, DSCTAB) VALUES (6, 22,'','NOSSO NUMERO DE BOLETOS')
INSERT INTO TBTABGER (NUMTAB, KEYCOD, KEYTXT, DSCTAB) VALUES (6, 41,'','ID DO LOTE DE MIGRACAO DE CARTOES')
INSERT INTO TBTABGER (NUMTAB, KEYCOD, KEYTXT, DSCTAB) VALUES (6, 42,'','GESTOR DE PRODUTOS')
INSERT INTO TBTABGER (NUMTAB, KEYCOD, KEYTXT, DSCTAB) VALUES (6, 100,'','ID DE PROCESSAMENTO')

INSERT INTO TBTABGER (NUMTAB, KEYCOD, KEYTXT, DSCTAB) VALUES (8, 1,'J','JURIDICA');
INSERT INTO TBTABGER (NUMTAB, KEYCOD, KEYTXT, DSCTAB) VALUES (8, 2,'F','FISICA');
INSERT INTO TBTABGER (NUMTAB, KEYCOD, KEYTXT, DSCTAB) VALUES (8, 3,'I','INDETERMINADA');

INSERT INTO TBTABGER (NUMTAB, KEYCOD, KEYTXT, DSCTAB) VALUES (10, 1,'','ENTRADA');
INSERT INTO TBTABGER (NUMTAB, KEYCOD, KEYTXT, DSCTAB) VALUES (10, 0,'','SEM VALOR');
INSERT INTO TBTABGER (NUMTAB, KEYCOD, KEYTXT, DSCTAB) VALUES (10, -1,'','SAIDA');


INSERT INTO TBTABGER (NUMTAB, KEYCOD, KEYTXT, DSCTAB) VALUES (12, 0,'000','INTERNO');
INSERT INTO TBTABGER (NUMTAB, KEYCOD, KEYTXT, DSCTAB) VALUES (12, 1,'001','BANCO DO BRASIL S.A.');
INSERT INTO TBTABGER (NUMTAB, KEYCOD, KEYTXT, DSCTAB) VALUES (12, 33,'033','BANCO SANTANDER BRASI');
INSERT INTO TBTABGER (NUMTAB, KEYCOD, KEYTXT, DSCTAB) VALUES (12, 237,'237','BANCO BRADESCO S.A.');
INSERT INTO TBTABGER (NUMTAB, KEYCOD, KEYTXT, DSCTAB) VALUES (12, 341,'341','ITAU UNIBANCO S.A.');
INSERT INTO TBTABGER (NUMTAB, KEYCOD, KEYTXT, DSCTAB) VALUES (12, 104,'104','CAIXA ECONOMICA FEDERAL');

INSERT INTO TBTABGER (NUMTAB, KEYCOD, KEYTXT, DSCTAB) VALUES (13, 0,'','N/D');
INSERT INTO TBTABGER (NUMTAB, KEYCOD, KEYTXT, DSCTAB) VALUES (13, 1,'M','MASCULINO');
INSERT INTO TBTABGER (NUMTAB, KEYCOD, KEYTXT, DSCTAB) VALUES (13, 2,'F','FEMININO');
INSERT INTO TBTABGER (NUMTAB, KEYCOD, KEYTXT, DSCTAB) VALUES (13, 3,'O','OUTRO');

INSERT INTO TBTABGER (NUMTAB, KEYCOD, KEYTXT, DSCTAB) VALUES (14, 1,'1','BOLETOS');
INSERT INTO TBTABGER (NUMTAB, KEYCOD, KEYTXT, DSCTAB) VALUES (14, 2,'2','CONTA CORRENTE');
INSERT INTO TBTABGER (NUMTAB, KEYCOD, KEYTXT, DSCTAB) VALUES (14, 4,'4','CADASTROS');
INSERT INTO TBTABGER (NUMTAB, KEYCOD, KEYTXT, DSCTAB) VALUES (14, 7,'7','CONTAS');
INSERT INTO TBTABGER (NUMTAB, KEYCOD, KEYTXT, DSCTAB) VALUES (14, 10,'10','MENSALIDADES');
INSERT INTO TBTABGER (NUMTAB, KEYCOD, KEYTXT, DSCTAB) VALUES (14, 5,'5','CARTOES');

INSERT INTO TBTABGER (NUMTAB,KEYCOD,DSCTAB) VALUES(16,0,'NAO DEFINIDO');
INSERT INTO TBTABGER (NUMTAB,KEYCOD,DSCTAB) VALUES(16,1,'BOLETO AVULSO');
INSERT INTO TBTABGER (NUMTAB,KEYCOD,DSCTAB) VALUES(16,2,'PAGAMENTO DO PLANO');
INSERT INTO TBTABGER (NUMTAB,KEYCOD,DSCTAB) VALUES(16,3,'PAGAMENTO DE CARTAO');
INSERT INTO TBTABGER (NUMTAB,KEYCOD,DSCTAB) VALUES(16,4,'MENSALIDADE DO CARTAO');
INSERT INTO TBTABGER (NUMTAB,KEYCOD,DSCTAB) VALUES(16,5,'RECARGA');
INSERT INTO TBTABGER (NUMTAB,KEYCOD,DSCTAB) VALUES(16,6,'PAGAMENTO DE LOTE (CARTOES)');
INSERT INTO TBTABGER (NUMTAB,KEYCOD,DSCTAB) VALUES(16,7,'PAGAMENTO DE SERVICOS');
INSERT INTO TBTABGER (NUMTAB,KEYCOD,DSCTAB) VALUES(16,8,'BOLETO DE PRE-VENDA');
INSERT INTO TBTABGER (NUMTAB,KEYCOD,DSCTAB) VALUES(16,9,'ADESAO MAQUINAS POS');
INSERT INTO TBTABGER (NUMTAB,KEYCOD,DSCTAB) VALUES(16,10,'CARTAO SEGUNDA VIA');
INSERT INTO TBTABGER (NUMTAB,KEYCOD,DSCTAB) VALUES(16,14,'FATURA');
INSERT INTO TBTABGER (NUMTAB,KEYCOD,DSCTAB) VALUES(16,13,'EXPEDICAO DE DOCUMENTOS');
INSERT INTO TBTABGER (NUMTAB,KEYCOD,DSCTAB) VALUES(16,11,'MENSALIDADE MAQUINA');
INSERT INTO TBTABGER (NUMTAB,KEYCOD,DSCTAB) VALUES(16,12,'INATIVIDADE');
INSERT INTO TBTABGER (NUMTAB,KEYCOD,DSCTAB) VALUES(16,15,'BOLETO RECARGA TED');


INSERT INTO TBTABGER (NUMTAB, KEYCOD, KEYTXT, DSCTAB) VALUES (20, 0,'0','O PROPRIO FAVORECIDO');
INSERT INTO TBTABGER (NUMTAB, KEYCOD, KEYTXT, DSCTAB) VALUES (20, 1,'1','TRANSFERENCIA PARA TERCERIOS');
INSERT INTO TBTABGER (NUMTAB, KEYCOD, KEYTXT, DSCTAB) VALUES (23, 1,'1','CONTA VIRTUAL');
INSERT INTO TBTABGER (NUMTAB, KEYCOD, KEYTXT, DSCTAB) VALUES (23, 2,'2','CONTA EXTERNA');
INSERT INTO TBTABGER (NUMTAB, KEYCOD, KEYTXT, DSCTAB) VALUES (23, 3,'3','CONTA VIRTUAL VINCULADA');
INSERT INTO TBTABGER (NUMTAB, KEYCOD, KEYTXT, DSCTAB) VALUES (23, 4,'4','CONTA VIRTUAL BENEFICIOS');

INSERT INTO TBTABGER (NUMTAB, KEYCOD, DSCTAB) VALUES (29, 1,'VALOR LIVRE DE PROCESSAMENTO');
INSERT INTO TBTABGER (NUMTAB, KEYCOD, DSCTAB) VALUES (29, 2,'VALOR BLOQUEADO');
INSERT INTO TBTABGER (NUMTAB, KEYCOD, DSCTAB) VALUES (29, 9,'VALOR BLOQUEADO PARA CONCILIACAO');
INSERT INTO TBTABGER (NUMTAB, KEYCOD, DSCTAB) VALUES (29, 4,'VALOR BLOQUEADO PARA LIBERACAO SISTEMICA');
INSERT INTO TBTABGER (NUMTAB, KEYCOD, DSCTAB) VALUES (29, 5,'VALOR BLOQUEADO PARA LIBERACAO NA DATA DE MOVIMENTO');




INSERT INTO TBTABGER (NUMTAB, KEYCOD, DSCTAB) VALUES (30, 1,'VALOR')
INSERT INTO TBTABGER (NUMTAB, KEYCOD, DSCTAB) VALUES (30, 2,'PERCENTUAL')
INSERT INTO TBTABGER (NUMTAB, KEYCOD, DSCTAB) VALUES (30, 3,'ANTECIPACAO');
INSERT INTO TBTABGER (NUMTAB, KEYCOD, DSCTAB) VALUES (30, 4,'PARCELAMENTO');
INSERT INTO TBTABGER (NUMTAB, KEYCOD, DSCTAB) VALUES (30, 5,'RAV')
INSERT INTO TBTABGER (NUMTAB, KEYCOD, DSCTAB) VALUES (30, 6,'% + VALOR')

INSERT INTO TBTABGER(NUMTAB,KEYCOD,DSCTAB) VALUES (39,0,'N/A')
INSERT INTO TBTABGER(NUMTAB,KEYCOD,DSCTAB) VALUES (39,2,'CONTA CORRENTE')
INSERT INTO TBTABGER(NUMTAB,KEYCOD,DSCTAB) VALUES (39,3,'BANCO EXTERNO')
INSERT INTO TBTABGER(NUMTAB,KEYCOD,DSCTAB) VALUES (39,4,'CONTA CARTAO DE CREDITO')
INSERT INTO TBTABGER(NUMTAB,KEYCOD,DSCTAB) VALUES (39,5,'CONTA MAQUINA POS')
INSERT INTO TBTABGER(NUMTAB,KEYCOD,DSCTAB) VALUES (39,1,'CONTA CARTAO')
INSERT INTO TBTABGER(NUMTAB,KEYCOD,DSCTAB) VALUES (39,11,'CONTA CORRENTE BANCO')
INSERT INTO TBTABGER(NUMTAB,KEYCOD,DSCTAB) VALUES (39,6,'PLATAFORMA')
INSERT INTO TBTABGER(NUMTAB,KEYCOD,DSCTAB) VALUES (39,7,'FATURAS')
INSERT INTO TBTABGER(NUMTAB,KEYCOD,DSCTAB) VALUES (39,16,'PLATAFORMA DE PAGAMENTO')
INSERT INTO TBTABGER(NUMTAB,KEYCOD,DSCTAB) VALUES (39,18,'MENSALIDADE MAQUINA')
INSERT INTO TBTABGER(NUMTAB,KEYCOD,DSCTAB) VALUES (39,17,'MANUTENCAO REDE')
INSERT INTO TBTABGER(NUMTAB,KEYCOD,DSCTAB) VALUES (39,19,'CONTA ESPELHO')
INSERT INTO TBTABGER(NUMTAB,KEYCOD,DSCTAB) VALUES (39,23,'PLATAFORMA INFINITE')
INSERT INTO TBTABGER(NUMTAB,KEYCOD,DSCTAB) VALUES (39,24,'PLATAFORMA TECBAN')
INSERT INTO TBTABGER(NUMTAB,KEYCOD,DSCTAB) VALUES (39,25,'PLATAFORMA PAYSMART')
INSERT INTO TBTABGER(NUMTAB,KEYCOD,DSCTAB) VALUES (39,27,'CONTA CORRENTE ALIMENTACAO')
INSERT INTO TBTABGER(NUMTAB,KEYCOD,DSCTAB) VALUES (39,29,'COMBO MULTI')
INSERT INTO TBTABGER(NUMTAB,KEYCOD,DSCTAB) VALUES (39,26,'CONTA CORRENTE REFEICAO')
INSERT INTO TBTABGER(NUMTAB,KEYCOD,DSCTAB) VALUES (39,28,'CONTA CORRENTE COMBUSTIVEL')
INSERT INTO TBTABGER(NUMTAB,KEYCOD,DSCTAB) VALUES (39,15,'COMISSOES')
INSERT INTO TBTABGER(NUMTAB,KEYCOD,DSCTAB) VALUES (39,20,'PLATAFORMA CIELO')
INSERT INTO TBTABGER(NUMTAB,KEYCOD,DSCTAB) VALUES (39,21,'PLATAFORMA SAQUE E PAGUE')
INSERT INTO TBTABGER(NUMTAB,KEYCOD,DSCTAB) VALUES (39,22,'TED')
INSERT INTO TBTABGER(NUMTAB,KEYCOD,DSCTAB) VALUES (39,12,'PLATAFORMA REDE')
INSERT INTO TBTABGER(NUMTAB,KEYCOD,DSCTAB) VALUES (39,8,'MENSALIDADES')

INSERT INTO TBTABGER (NUMTAB, KEYCOD, DSCTAB) VALUES (44, 1,'E-COMMERCE')
INSERT INTO TBTABGER (NUMTAB, KEYCOD, DSCTAB) VALUES (44, 2,'DEBITO')
INSERT INTO TBTABGER (NUMTAB, KEYCOD, DSCTAB) VALUES (44, 3,'CREDITO')
INSERT INTO TBTABGER (NUMTAB, KEYCOD, DSCTAB) VALUES (44, 0,'N/D')
INSERT INTO TBTABGER (NUMTAB, KEYCOD, DSCTAB) VALUES (45, 0, 'N/D')
INSERT INTO TBTABGER (NUMTAB, KEYCOD, DSCTAB) VALUES (45, 1, 'CLARO')
INSERT INTO TBTABGER (NUMTAB, KEYCOD, DSCTAB) VALUES (45, 2, 'VIVO')
INSERT INTO TBTABGER (NUMTAB, KEYCOD, DSCTAB) VALUES (45, 3, 'TIM')
INSERT INTO TBTABGER (NUMTAB, KEYCOD, DSCTAB) VALUES (45, 4, 'OI')
INSERT INTO TBTABGER (NUMTAB, KEYCOD, DSCTAB) VALUES (45, 5, 'NEXTEL')


INSERT INTO TBTABGER (NUMTAB, KEYCOD, KEYTXT, DSCTAB,NUMREF) VALUES (50, 1,'1','CARTOES',4);
INSERT INTO TBTABGER (NUMTAB, KEYCOD, KEYTXT, DSCTAB,NUMREF) VALUES (50, 2,'2','POS',11);
INSERT INTO TBTABGER (NUMTAB, KEYCOD, KEYTXT, DSCTAB,NUMREF) VALUES (50, 3,'3','INATIVIDADE',12);
INSERT INTO TBTABGER (NUMTAB, KEYCOD, KEYTXT, DSCTAB,NUMREF) VALUES (50, 4,'4','REGISTRO DE ATIVAÇÃO',4);
INSERT INTO TBTABGER (NUMTAB, KEYCOD, KEYTXT, DSCTAB,NUMREF) VALUES (50, 6,'6','INTERMEDIAÇÃO BANCARIA',4);
INSERT INTO TBTABGER (NUMTAB, KEYCOD, KEYTXT, DSCTAB,NUMREF) VALUES (50, 5,'7','EXPEDIÇÃO DE DOCUMENTOS',7);

INSERT INTO TBTABGER (NUMTAB, KEYCOD, DSCTAB) VALUES (54, 0,'N/D');
INSERT INTO TBTABGER (NUMTAB, KEYCOD, DSCTAB) VALUES (54, 1,'BAIXA');
INSERT INTO TBTABGER (NUMTAB, KEYCOD, DSCTAB) VALUES (54, 2,'MÉDIA');
INSERT INTO TBTABGER (NUMTAB, KEYCOD, DSCTAB) VALUES (54, 3,'ALTA');

INSERT INTO TBTABGER (NUMTAB, KEYCOD, DSCTAB) VALUES (59, 1,'PROVISAO');
INSERT INTO TBTABGER (NUMTAB, KEYCOD, DSCTAB) VALUES (59, 2,'ESTORNO');
INSERT INTO TBTABGER (NUMTAB, KEYCOD, DSCTAB) VALUES (59, 3,'CANCELAMENTO');


INSERT INTO TBTABGER (NUMTAB,KEYCOD,DSCTAB) VALUES(63,0,'N/A');
INSERT INTO TBTABGER (NUMTAB,KEYCOD,DSCTAB) VALUES(63,1,'VISA');
INSERT INTO TBTABGER (NUMTAB,KEYCOD,DSCTAB) VALUES(63,2,'MASTERCARD');
INSERT INTO TBTABGER (NUMTAB,KEYCOD,DSCTAB) VALUES(63,3,'AMERICAM EXPRESS');
INSERT INTO TBTABGER (NUMTAB,KEYCOD,DSCTAB) VALUES(63,4,'ELO');
INSERT INTO TBTABGER (NUMTAB,KEYCOD,DSCTAB) VALUES(63,5,'CIELO');
INSERT INTO TBTABGER (NUMTAB,KEYCOD,DSCTAB) VALUES(63,6,'ALELO');
INSERT INTO TBTABGER (NUMTAB,KEYCOD,DSCTAB) VALUES(63,7,'DISCOVER NETWORK');
INSERT INTO TBTABGER (NUMTAB,KEYCOD,DSCTAB) VALUES(63,8,'BANECARD');
INSERT INTO TBTABGER (NUMTAB,KEYCOD,DSCTAB) VALUES(63,9,'SOROCARD');
INSERT INTO TBTABGER (NUMTAB,KEYCOD,DSCTAB) VALUES(63,10,'POLICARD');
INSERT INTO TBTABGER (NUMTAB,KEYCOD,DSCTAB) VALUES(63,11,'VALECARD');
INSERT INTO TBTABGER (NUMTAB,KEYCOD,DSCTAB) VALUES(63,12,'AGICARD');
INSERT INTO TBTABGER (NUMTAB,KEYCOD,DSCTAB) VALUES(63,13,'JCB');
INSERT INTO TBTABGER (NUMTAB,KEYCOD,DSCTAB) VALUES(63,14,'CREDSYSTEM');
INSERT INTO TBTABGER (NUMTAB,KEYCOD,DSCTAB) VALUES(63,15,'CABAL');
INSERT INTO TBTABGER (NUMTAB,KEYCOD,DSCTAB) VALUES(63,16,'GREEN CARD');
INSERT INTO TBTABGER (NUMTAB,KEYCOD,DSCTAB) VALUES(63,17,'VEROCHEQUE');
INSERT INTO TBTABGER (NUMTAB,KEYCOD,DSCTAB) VALUES(63,18,'AVISTA');
INSERT INTO TBTABGER (NUMTAB,KEYCOD,DSCTAB) VALUES(63,19,'AURA');
INSERT INTO TBTABGER (NUMTAB,KEYCOD,DSCTAB) VALUES(63,20,'HIPERCARD');
INSERT INTO TBTABGER (NUMTAB,KEYCOD,DSCTAB) VALUES(63,21,'LIVRE');


INSERT INTO TBTABGER (NUMTAB, KEYCOD, KEYTXT, DSCTAB) VALUES (76, 0,'0','N/D')
INSERT INTO TBTABGER (NUMTAB, KEYCOD, KEYTXT, DSCTAB) VALUES (76, 0,'1','Solteiro (a)')
INSERT INTO TBTABGER (NUMTAB, KEYCOD, KEYTXT, DSCTAB) VALUES (76, 0,'2','Casado (a)')
INSERT INTO TBTABGER (NUMTAB, KEYCOD, KEYTXT, DSCTAB) VALUES (76, 0,'3','Divorciado (a)')
INSERT INTO TBTABGER (NUMTAB, KEYCOD, KEYTXT, DSCTAB) VALUES (76, 0,'4','Amasiado (a)')
INSERT INTO TBTABGER (NUMTAB, KEYCOD, DSCTAB) VALUES (80, 55, 'BRASILEIRA')
INSERT INTO TBTABGER (NUMTAB, KEYCOD, KEYTXT, DSCTAB) VALUES (81, 0,'0','')
INSERT INTO TBTABGER (NUMTAB, KEYCOD, KEYTXT, DSCTAB) VALUES (81, 1,'1','AEROPORTO')
INSERT INTO TBTABGER (NUMTAB, KEYCOD, KEYTXT, DSCTAB) VALUES (81, 2,'2','ALAMEDA')
INSERT INTO TBTABGER (NUMTAB, KEYCOD, KEYTXT, DSCTAB) VALUES (81, 3,'3','AREA')
INSERT INTO TBTABGER (NUMTAB, KEYCOD, KEYTXT, DSCTAB) VALUES (81, 4,'4','AVENIDA')
INSERT INTO TBTABGER (NUMTAB, KEYCOD, KEYTXT, DSCTAB) VALUES (81, 5,'5','CAMPO')
INSERT INTO TBTABGER (NUMTAB, KEYCOD, KEYTXT, DSCTAB) VALUES (81, 6,'6','CHACARA')
INSERT INTO TBTABGER (NUMTAB, KEYCOD, KEYTXT, DSCTAB) VALUES (81, 7,'7','COLONIA')
INSERT INTO TBTABGER (NUMTAB, KEYCOD, KEYTXT, DSCTAB) VALUES (81, 8,'8','CONDOMINIO')
INSERT INTO TBTABGER (NUMTAB, KEYCOD, KEYTXT, DSCTAB) VALUES (81, 9,'9','CONJUNTO')
INSERT INTO TBTABGER (NUMTAB, KEYCOD, KEYTXT, DSCTAB) VALUES (81, 10,'10','DISTRITO')
INSERT INTO TBTABGER (NUMTAB, KEYCOD, KEYTXT, DSCTAB) VALUES (81, 11,'11','ESPLANADA')
INSERT INTO TBTABGER (NUMTAB, KEYCOD, KEYTXT, DSCTAB) VALUES (81, 12,'12','ESTACAO')
INSERT INTO TBTABGER (NUMTAB, KEYCOD, KEYTXT, DSCTAB) VALUES (81, 13,'13','ESTRADA')
INSERT INTO TBTABGER (NUMTAB, KEYCOD, KEYTXT, DSCTAB) VALUES (81, 14,'14','FAVELA')
INSERT INTO TBTABGER (NUMTAB, KEYCOD, KEYTXT, DSCTAB) VALUES (81, 15,'15','FAZENDA')
INSERT INTO TBTABGER (NUMTAB, KEYCOD, KEYTXT, DSCTAB) VALUES (81, 16,'16','FEIRA')
INSERT INTO TBTABGER (NUMTAB, KEYCOD, KEYTXT, DSCTAB) VALUES (81, 17,'17','JARDIM')
INSERT INTO TBTABGER (NUMTAB, KEYCOD, KEYTXT, DSCTAB) VALUES (81, 18,'18','LADEIRA')
INSERT INTO TBTABGER (NUMTAB, KEYCOD, KEYTXT, DSCTAB) VALUES (81, 19,'19','LAGO')
INSERT INTO TBTABGER (NUMTAB, KEYCOD, KEYTXT, DSCTAB) VALUES (81, 20,'20','LAGOA')
INSERT INTO TBTABGER (NUMTAB, KEYCOD, KEYTXT, DSCTAB) VALUES (81, 21,'21','LARGO')
INSERT INTO TBTABGER (NUMTAB, KEYCOD, KEYTXT, DSCTAB) VALUES (81, 22,'22','LOTEAMENTO')
INSERT INTO TBTABGER (NUMTAB, KEYCOD, KEYTXT, DSCTAB) VALUES (81, 23,'23','MORRO')
INSERT INTO TBTABGER (NUMTAB, KEYCOD, KEYTXT, DSCTAB) VALUES (81, 24,'24','NUCLEO')
INSERT INTO TBTABGER (NUMTAB, KEYCOD, KEYTXT, DSCTAB) VALUES (81, 25,'25','PARQUE')
INSERT INTO TBTABGER (NUMTAB, KEYCOD, KEYTXT, DSCTAB) VALUES (81, 26,'26','PASSARELA')
INSERT INTO TBTABGER (NUMTAB, KEYCOD, KEYTXT, DSCTAB) VALUES (81, 27,'27','PATIO')
INSERT INTO TBTABGER (NUMTAB, KEYCOD, KEYTXT, DSCTAB) VALUES (81, 28,'28','PRACA')
INSERT INTO TBTABGER (NUMTAB, KEYCOD, KEYTXT, DSCTAB) VALUES (81, 29,'29','QUADRA')
INSERT INTO TBTABGER (NUMTAB, KEYCOD, KEYTXT, DSCTAB) VALUES (81, 30,'30','RECANTO')
INSERT INTO TBTABGER (NUMTAB, KEYCOD, KEYTXT, DSCTAB) VALUES (81, 31,'31','RESIDENCIAL')
INSERT INTO TBTABGER (NUMTAB, KEYCOD, KEYTXT, DSCTAB) VALUES (81, 32,'32','RODOVIA')
INSERT INTO TBTABGER (NUMTAB, KEYCOD, KEYTXT, DSCTAB) VALUES (81, 33,'33','RUA')
INSERT INTO TBTABGER (NUMTAB, KEYCOD, KEYTXT, DSCTAB) VALUES (81, 34,'34','SETOR')
INSERT INTO TBTABGER (NUMTAB, KEYCOD, KEYTXT, DSCTAB) VALUES (81, 35,'35','SITIO')
INSERT INTO TBTABGER (NUMTAB, KEYCOD, KEYTXT, DSCTAB) VALUES (81, 36,'36','TRAVESSA')
INSERT INTO TBTABGER (NUMTAB, KEYCOD, KEYTXT, DSCTAB) VALUES (81, 37,'37','TRECHO')
INSERT INTO TBTABGER (NUMTAB, KEYCOD, KEYTXT, DSCTAB) VALUES (81, 38,'38','TREVO')
INSERT INTO TBTABGER (NUMTAB, KEYCOD, KEYTXT, DSCTAB) VALUES (81, 39,'39','VALE')
INSERT INTO TBTABGER (NUMTAB, KEYCOD, KEYTXT, DSCTAB) VALUES (81, 40,'40','VEREDA')
INSERT INTO TBTABGER (NUMTAB, KEYCOD, KEYTXT, DSCTAB) VALUES (81, 41,'41','VIA')
INSERT INTO TBTABGER (NUMTAB, KEYCOD, KEYTXT, DSCTAB) VALUES (81, 42,'42','VIADUTO')
INSERT INTO TBTABGER (NUMTAB, KEYCOD, KEYTXT, DSCTAB) VALUES (81, 43,'43','VIELA')
INSERT INTO TBTABGER (NUMTAB, KEYCOD, KEYTXT, DSCTAB) VALUES (81, 44,'44','VILA')

INSERT INTO TBTABGER (NUMTAB, KEYTXT, DSCTAB) VALUES (92, 'F','FISICA');
INSERT INTO TBTABGER (NUMTAB, KEYTXT, DSCTAB) VALUES (92, 'J','JURIDICA');
INSERT INTO TBTABGER (NUMTAB, KEYTXT, DSCTAB) VALUES (92, 'I','INDETERMINADO');

INSERT INTO TBTABGER (NUMTAB, KEYCOD, DSCTAB) VALUES (93, 1,'CONTA CORRENTE');
INSERT INTO TBTABGER (NUMTAB, KEYCOD, DSCTAB) VALUES (93, 2,'BOLETOS');
INSERT INTO TBTABGER (NUMTAB, KEYCOD, DSCTAB) VALUES (93, 3,'MENSALIDADES');
INSERT INTO TBTABGER (NUMTAB, KEYCOD, DSCTAB) VALUES (93, 4,'TRANSFERENCIAS');


INSERT INTO TBTABGER (NUMTAB, KEYCOD, KEYTXT, DSCTAB) VALUES (94, 0,'','N/A')
INSERT INTO TBTABGER (NUMTAB, KEYCOD, KEYTXT, DSCTAB) VALUES (94, 1,'','EXPANSAO COM BASE EM QUANTIDADE')
INSERT INTO TBTABGER (NUMTAB, KEYCOD, KEYTXT, DSCTAB) VALUES (94, 2,'','EXPANSAO COM BASE EM VALOR')
INSERT INTO TBTABGER (NUMTAB, KEYCOD, KEYTXT, DSCTAB) VALUES (94, 3,'','EXPANSAO COM BASE EM QUANTIDADE - BOLETOS')
INSERT INTO TBTABGER (NUMTAB, KEYCOD, KEYTXT, DSCTAB) VALUES (94, 4,'','EXPANSAO COM BASE EM VALOR DE BOLETOS')

INSERT INTO TBTABGER (NUMTAB, KEYCOD, DSCTAB) VALUES (921, 1,'QUANTIDADE');
INSERT INTO TBTABGER (NUMTAB, KEYCOD, DSCTAB) VALUES (921, 2,'VALOR');
INSERT INTO TBTABGER (NUMTAB, KEYCOD, KEYTXT, DSCTAB) VALUES (298, 1, 'BRL', 'REAL');
INSERT INTO TBTABGER (NUMTAB, KEYCOD, KEYTXT, DSCTAB) VALUES (298, 2, 'USD', 'DOLAR');


INSERT INTO TBTABGER (NUMTAB, KEYCOD, DSCTAB) VALUES (299, 9,'TBCADCTO - Tabela de Contatos');
INSERT INTO TBTABGER (NUMTAB, KEYCOD, DSCTAB) VALUES (299, 12,'TBCADCTA - Virtual Account');
INSERT INTO TBTABGER (NUMTAB, KEYCOD, DSCTAB) VALUES (299, 8,'TBCADEND - Cadasto de Endereços');
INSERT INTO TBTABGER (NUMTAB, KEYCOD, DSCTAB) VALUES (299, 13,'TBSYSFUN - System Features');
INSERT INTO TBTABGER (NUMTAB, KEYCOD, DSCTAB) VALUES (299, 21,'TBSYSGRP - Groups');
INSERT INTO TBTABGER (NUMTAB, KEYCOD, DSCTAB) VALUES (299, 23,'TBSYSFXG - Features x Group');
INSERT INTO TBTABGER (NUMTAB, KEYCOD, DSCTAB) VALUES (299, 22,'TBSYSUXG - User Group');
INSERT INTO TBTABGER (NUMTAB, KEYCOD, DSCTAB) VALUES (299, 18,'TBCADCRT - Cadastro de Cartões');
INSERT INTO TBTABGER (NUMTAB, KEYCOD, DSCTAB) VALUES (299, 1,'TBCADGER - Cadastro Geral');
INSERT INTO TBTABGER (NUMTAB, KEYCOD, DSCTAB) VALUES (299, 16,'TBCADPRO - Products');
INSERT INTO TBTABGER (NUMTAB, KEYCOD, DSCTAB) VALUES (299, 5,'TBTIPATR - Tipo de Atributo');
INSERT INTO TBTABGER (NUMTAB, KEYCOD, DSCTAB) VALUES (299, 6,'TBCADSTA - Transaction Status');
INSERT INTO TBTABGER (NUMTAB, KEYCOD, DSCTAB) VALUES (299, 20,'TBTIPCTA - Tipos de Conta');
INSERT INTO TBTABGER (NUMTAB, KEYCOD, DSCTAB) VALUES (299, 15,'TBLINPRO - Linha de Produto');
INSERT INTO TBTABGER (NUMTAB, KEYCOD, DSCTAB) VALUES (299, 14,'TBREGCRT - Registro de Cartões Ativos');
INSERT INTO TBTABGER (NUMTAB, KEYCOD, DSCTAB) VALUES (299, 2,'TBLGNUSU - Login de Usuário');
INSERT INTO TBTABGER (NUMTAB, KEYCOD, DSCTAB) VALUES (299, 17,'TBUSUPRO - Gerencia de Produtos');
INSERT INTO TBTABGER (NUMTAB, KEYCOD, DSCTAB) VALUES (299, 24,'TBREGMEN - Monthly Payment');
INSERT INTO TBTABGER (NUMTAB, KEYCOD, DSCTAB) VALUES (299, 25,'TBTIPTAR - Tariff Type');
INSERT INTO TBTABGER (NUMTAB, KEYCOD, DSCTAB) VALUES (299, 26,'TBTIPMOV - Operations');
INSERT INTO TBTABGER (NUMTAB, KEYCOD, DSCTAB) VALUES (299, 27,'TBCADTAR - Tariffs');
INSERT INTO TBTABGER (NUMTAB, KEYCOD, DSCTAB) VALUES (299, 28,'TBCADTAR - Tariffs');
INSERT INTO TBTABGER (NUMTAB, KEYCOD, DSCTAB) VALUES (299, 29,'TBMODTAR - Tariff Modality');
INSERT INTO TBTABGER (NUMTAB, KEYCOD, DSCTAB) VALUES (299, 30,'TBTARMOV - Associação de Tarifas e Operações');
INSERT INTO TBTABGER (NUMTAB, KEYCOD, DSCTAB) VALUES (299, 31,'TBTARMOV - Associação de Tarifas e Operações');
INSERT INTO TBTABGER (NUMTAB, KEYCOD, DSCTAB) VALUES (299, 32,'TBCADTAR - Tariffs');
INSERT INTO TBTABGER (NUMTAB, KEYCOD, DSCTAB) VALUES (299, 4,'TBTABGER - Tabela Geral do Sistema');
INSERT INTO TBTABGER (NUMTAB, KEYCOD, DSCTAB) VALUES (299, 33,'TBREGBOL - Registro de Boletos');
INSERT INTO TBTABGER (NUMTAB, KEYCOD, DSCTAB) VALUES (299, 34,'TBVALBOL - Registro de Valores de Boletos');
INSERT INTO TBTABGER (NUMTAB, KEYCOD, DSCTAB) VALUES (299, 10,'TBTIPEND - Address Type');
INSERT INTO TBTABGER (NUMTAB, KEYCOD, DSCTAB) VALUES (299, 11,'TBTIPCTO - Tipos de Contato');
INSERT INTO TBTABGER (NUMTAB, KEYCOD, DSCTAB) VALUES (299, 7,'TBTIPUSU - Tipo de Usuário');
INSERT INTO TBTABGER (NUMTAB, KEYCOD, DSCTAB) VALUES (299, 35,'TBCADCVL - Linked Account');

INSERT INTO TBTABGER (NUMTAB,KEYCOD,KEYTXT,DSCTAB) VALUES(305,52,'00123','CESSAO DE CREDITOS - LIQUID.PRINC.POR RECOMPRA DE ');
INSERT INTO TBTABGER (NUMTAB,KEYCOD,KEYTXT,DSCTAB) VALUES(305,53,'00124','CESSAO DE CREDITOS - LIQUIDACAO PRINCIPAL POR RECO');
INSERT INTO TBTABGER (NUMTAB,KEYCOD,KEYTXT,DSCTAB) VALUES(305,1,'00010','CREDITO EM CONTA');
INSERT INTO TBTABGER (NUMTAB,KEYCOD,KEYTXT,DSCTAB) VALUES(305,2,'00001','PAGAMENTO DE IMPOSTOS  TRIBUTOS E TAXAS');
INSERT INTO TBTABGER (NUMTAB,KEYCOD,KEYTXT,DSCTAB) VALUES(305,3,'00002','PAGAMENTO A CONCESSIONARIAS DE SERVICO PUBLICO');
INSERT INTO TBTABGER (NUMTAB,KEYCOD,KEYTXT,DSCTAB) VALUES(305,4,'00003','PAGAMENTOS DE DIVIDENDOS');
INSERT INTO TBTABGER (NUMTAB,KEYCOD,KEYTXT,DSCTAB) VALUES(305,5,'00004','PAGAMENTO DE SALARIOS');
INSERT INTO TBTABGER (NUMTAB,KEYCOD,KEYTXT,DSCTAB) VALUES(305,6,'00005','PAGAMENTO DE FORNECEDORES');
INSERT INTO TBTABGER (NUMTAB,KEYCOD,KEYTXT,DSCTAB) VALUES(305,7,'00006','PAGAMENTO DE HONORARIOS');
INSERT INTO TBTABGER (NUMTAB,KEYCOD,KEYTXT,DSCTAB) VALUES(305,8,'00007','PAGAMENTO DE ALUGUEIS E TAXAS DE CONDOMINIO');
INSERT INTO TBTABGER (NUMTAB,KEYCOD,KEYTXT,DSCTAB) VALUES(305,9,'00008','PAGAMENTO DE DUPLICATAS E TITULOS');
INSERT INTO TBTABGER (NUMTAB,KEYCOD,KEYTXT,DSCTAB) VALUES(305,10,'00009','PAGAMENTO DE MENSALIDADE ESCOLAR');
INSERT INTO TBTABGER (NUMTAB,KEYCOD,KEYTXT,DSCTAB) VALUES(305,11,'00011','PAGAMENTO A CORRETORAS');
INSERT INTO TBTABGER (NUMTAB,KEYCOD,KEYTXT,DSCTAB) VALUES(305,12,'00012','PAGAMENTO DE BOLETO BANCARIO EM CARTORIO');
INSERT INTO TBTABGER (NUMTAB,KEYCOD,KEYTXT,DSCTAB) VALUES(305,13,'00013','PAGAMENTO DE TARIFAS PELA PRESTACAO DE SERVICOS DE');
INSERT INTO TBTABGER (NUMTAB,KEYCOD,KEYTXT,DSCTAB) VALUES(305,14,'00014','REPASSE DE VALORES REFERENTES A TITULOS LIQUIDADOS');
INSERT INTO TBTABGER (NUMTAB,KEYCOD,KEYTXT,DSCTAB) VALUES(305,15,'00015','LIQUIDACAO FINANCEIRA DE OPERADORA DE CARTAO');
INSERT INTO TBTABGER (NUMTAB,KEYCOD,KEYTXT,DSCTAB) VALUES(305,16,'00018','OPERACOES SEGURO HABITACIONAL - SFH');
INSERT INTO TBTABGER (NUMTAB,KEYCOD,KEYTXT,DSCTAB) VALUES(305,17,'00019','OPERACOES DO FDS - CAIXA');
INSERT INTO TBTABGER (NUMTAB,KEYCOD,KEYTXT,DSCTAB) VALUES(305,18,'00023','TAXA DE ADMINISTRACAO');
INSERT INTO TBTABGER (NUMTAB,KEYCOD,KEYTXT,DSCTAB) VALUES(305,19,'00027','PAGAMENTO DE ACORDO / EXECUCAO JUDICIAL');
INSERT INTO TBTABGER (NUMTAB,KEYCOD,KEYTXT,DSCTAB) VALUES(305,20,'00028','LIQUIDACAO DE EMPRESTIMOS CONSIGNADOS');
INSERT INTO TBTABGER (NUMTAB,KEYCOD,KEYTXT,DSCTAB) VALUES(305,21,'00029','PAGAMENTO DE BOLSA AUXILIO');
INSERT INTO TBTABGER (NUMTAB,KEYCOD,KEYTXT,DSCTAB) VALUES(305,22,'00030','REMUNERACAO A COOPERADO');
INSERT INTO TBTABGER (NUMTAB,KEYCOD,KEYTXT,DSCTAB) VALUES(305,23,'00031','PAGAMENTO DE PREBENDA (REMUNERACAO A PADRES E SACE');
INSERT INTO TBTABGER (NUMTAB,KEYCOD,KEYTXT,DSCTAB) VALUES(305,24,'00033','PAGAMENTO DE JUROS SOBRE CAPITAL PROPRIO');
INSERT INTO TBTABGER (NUMTAB,KEYCOD,KEYTXT,DSCTAB) VALUES(305,25,'00034','PAGAMENTO DE RENDIMENTOS OU AMORTIZACAO S/ COTAS E');
INSERT INTO TBTABGER (NUMTAB,KEYCOD,KEYTXT,DSCTAB) VALUES(305,26,'00035','TAXA DE SERVICO');
INSERT INTO TBTABGER (NUMTAB,KEYCOD,KEYTXT,DSCTAB) VALUES(305,27,'00036','PAGAMENTO DE CHEQUE PARA NAO CORRENTISTA');
INSERT INTO TBTABGER (NUMTAB,KEYCOD,KEYTXT,DSCTAB) VALUES(305,28,'00037','PAGAMENTO DE JUROS E/OU AMORTIZACAO DE TITULOS DEP');
INSERT INTO TBTABGER (NUMTAB,KEYCOD,KEYTXT,DSCTAB) VALUES(305,29,'00038','ESTORNO OU RESTITUICAO - DIVERSOS');
INSERT INTO TBTABGER (NUMTAB,KEYCOD,KEYTXT,DSCTAB) VALUES(305,30,'00039','PAGAMENTO DE VALE TRANSPORTE');
INSERT INTO TBTABGER (NUMTAB,KEYCOD,KEYTXT,DSCTAB) VALUES(305,31,'00040','SIMPLES NACIONAL');
INSERT INTO TBTABGER (NUMTAB,KEYCOD,KEYTXT,DSCTAB) VALUES(305,32,'00041','REPASSE DE VALORES PARA O FUNDEB');
INSERT INTO TBTABGER (NUMTAB,KEYCOD,KEYTXT,DSCTAB) VALUES(305,33,'00042','REPASSE DE VALORES DE CONVENIO CENTRALIZADO');
INSERT INTO TBTABGER (NUMTAB,KEYCOD,KEYTXT,DSCTAB) VALUES(305,34,'00043','PATROCINIO COM INCENTIVO FISCAL');
INSERT INTO TBTABGER (NUMTAB,KEYCOD,KEYTXT,DSCTAB) VALUES(305,35,'00044','DOACAO COM INCENTIVO FISCAL');
INSERT INTO TBTABGER (NUMTAB,KEYCOD,KEYTXT,DSCTAB) VALUES(305,36,'00045','TRANSFERENCIA DE CONTA CORRENTE DE INSTITUICAO NAO');
INSERT INTO TBTABGER (NUMTAB,KEYCOD,KEYTXT,DSCTAB) VALUES(305,37,'00047','PAGAMENTO DE RESCISAO DE CONTRATO DE TRABALHO');
INSERT INTO TBTABGER (NUMTAB,KEYCOD,KEYTXT,DSCTAB) VALUES(305,38,'00050','REEMBOLSO DE DESPESAS COM ESTRUTURACAO DE OPERACOE');
INSERT INTO TBTABGER (NUMTAB,KEYCOD,KEYTXT,DSCTAB) VALUES(305,39,'00097','COMPRA DE MOEDA ESTRANGEIRA PELO FSB - FUNDO SOBER');
INSERT INTO TBTABGER (NUMTAB,KEYCOD,KEYTXT,DSCTAB) VALUES(305,40,'00100','DEPOSITO JUDICIAL');
INSERT INTO TBTABGER (NUMTAB,KEYCOD,KEYTXT,DSCTAB) VALUES(305,41,'00101','PENSAO ALIMENTICIA');
INSERT INTO TBTABGER (NUMTAB,KEYCOD,KEYTXT,DSCTAB) VALUES(305,42,'00103','CESSAO DE CREDITOS - LIQUID.PRINCIPAL POR AQUIS.CR');
INSERT INTO TBTABGER (NUMTAB,KEYCOD,KEYTXT,DSCTAB) VALUES(305,43,'00104','CESSAO DE CREDITOS - LIQUIDACAO PRINCIPAL POR AQUI');
INSERT INTO TBTABGER (NUMTAB,KEYCOD,KEYTXT,DSCTAB) VALUES(305,44,'00107','CESSAO DE CREDITOS - REPASSE CONTRATUAL DE FLUXO D');
INSERT INTO TBTABGER (NUMTAB,KEYCOD,KEYTXT,DSCTAB) VALUES(305,45,'00108','CESSAO DE CREDITOS - REPASSE CONTRATUAL DE FLUXO D');
INSERT INTO TBTABGER (NUMTAB,KEYCOD,KEYTXT,DSCTAB) VALUES(305,46,'00109','CESSAO DE CREDITOS - AJUSTES DIVERSOS');
INSERT INTO TBTABGER (NUMTAB,KEYCOD,KEYTXT,DSCTAB) VALUES(305,47,'00111','CREDITO PARA INVESTIDOR EM CLIENTE DA IF CREDITADA');
INSERT INTO TBTABGER (NUMTAB,KEYCOD,KEYTXT,DSCTAB) VALUES(305,48,'00112','DEBITO DE INVESTIDOR EM CLIENTE DA IF DEBITADA');
INSERT INTO TBTABGER (NUMTAB,KEYCOD,KEYTXT,DSCTAB) VALUES(305,49,'00113','PAGAMENTO DE OPERACOES DE CREDITO POR CLIENTE');
INSERT INTO TBTABGER (NUMTAB,KEYCOD,KEYTXT,DSCTAB) VALUES(305,50,'00114','RESGATE DE APLICACAO FINANCEIRA DE CLIENTE PARA CO');
INSERT INTO TBTABGER (NUMTAB,KEYCOD,KEYTXT,DSCTAB) VALUES(305,51,'00117','APLICACAO FINANCEIRA EM NOME DO CLIENTE REMETENTE');
INSERT INTO TBTABGER (NUMTAB,KEYCOD,KEYTXT,DSCTAB) VALUES(305,54,'00131','FGCOOP - RECOLHIMENTO FUNDO GARANTIDOR DO COOPERAT');
INSERT INTO TBTABGER (NUMTAB,KEYCOD,KEYTXT,DSCTAB) VALUES(305,55,'00132','FGCOOP - DEVOLUCAO DE RECOLHIMENTO A MAIOR');
INSERT INTO TBTABGER (NUMTAB,KEYCOD,KEYTXT,DSCTAB) VALUES(305,56,'00139','CREDITO AO CONSUMIDOR DECORRENTE DE PROGRAMA DE IN');
INSERT INTO TBTABGER (NUMTAB,KEYCOD,KEYTXT,DSCTAB) VALUES(305,57,'00157','TRIBUTOS MUNICIPAIS ISS - LCP 157');
INSERT INTO TBTABGER (NUMTAB,KEYCOD,KEYTXT,DSCTAB) VALUES(305,58,'00200','TRANSFERENCIA INTERNACIONAL EM REAIS');
INSERT INTO TBTABGER (NUMTAB,KEYCOD,KEYTXT,DSCTAB) VALUES(305,59,'00201','AJUSTE POSICAO MERCADO FUTURO');
INSERT INTO TBTABGER (NUMTAB,KEYCOD,KEYTXT,DSCTAB) VALUES(305,60,'00202','REPASSE DE VALORES DO BNDES');
INSERT INTO TBTABGER (NUMTAB,KEYCOD,KEYTXT,DSCTAB) VALUES(305,61,'00203','LIQUIDACAO DE COMPROMISSOS JUNTO AO BNDES');
INSERT INTO TBTABGER (NUMTAB,KEYCOD,KEYTXT,DSCTAB) VALUES(305,62,'00204','OPERACOES DE COMPRA E VENDA DE ACOES - BOLSAS DE V');
INSERT INTO TBTABGER (NUMTAB,KEYCOD,KEYTXT,DSCTAB) VALUES(305,63,'00205','CONTRATOS REFERENCIADOS EM ACOES OU INDICES DE ACO');
INSERT INTO TBTABGER (NUMTAB,KEYCOD,KEYTXT,DSCTAB) VALUES(305,64,'00206','OPERACAO DE CAMBIO - NAO INTERBANCARIA');
INSERT INTO TBTABGER (NUMTAB,KEYCOD,KEYTXT,DSCTAB) VALUES(305,65,'00207','OPERACOES NO MERCADO DE RENDA FIXA E DE RENDA VARI');
INSERT INTO TBTABGER (NUMTAB,KEYCOD,KEYTXT,DSCTAB) VALUES(305,66,'00208','OPERACAO DE CAMBIO - MERCADO INTERBANCARIO - INSTI');
INSERT INTO TBTABGER (NUMTAB,KEYCOD,KEYTXT,DSCTAB) VALUES(305,67,'00209','PAGAMENTO DE OPERACOES COM IDENTIFICACAO DE DESTIN');
INSERT INTO TBTABGER (NUMTAB,KEYCOD,KEYTXT,DSCTAB) VALUES(305,68,'00300','RESTITUICAO DE IMPOSTO DE RENDA');
INSERT INTO TBTABGER (NUMTAB,KEYCOD,KEYTXT,DSCTAB) VALUES(305,69,'00301','ORDEM BANCARIA DO TESOURO - OBT');
INSERT INTO TBTABGER (NUMTAB,KEYCOD,KEYTXT,DSCTAB) VALUES(305,70,'00302','PAGAMENTO DE MULTAS AO BACEN POR ATRASOS DE IMPORT');
INSERT INTO TBTABGER (NUMTAB,KEYCOD,KEYTXT,DSCTAB) VALUES(305,71,'00303','RESTITUICAO DE TRIBUTOS - RFB');
INSERT INTO TBTABGER (NUMTAB,KEYCOD,KEYTXT,DSCTAB) VALUES(305,72,'00500','RESTITUICAO DE PREMIOS DE SEGUROS');
INSERT INTO TBTABGER (NUMTAB,KEYCOD,KEYTXT,DSCTAB) VALUES(305,73,'00501','PAGAMENTO DE INDENIZACAO DE SINISTRO DE SEGURO');
INSERT INTO TBTABGER (NUMTAB,KEYCOD,KEYTXT,DSCTAB) VALUES(305,74,'00502','PAGAMENTO DE PREMIO DE CO-SEGURO');
INSERT INTO TBTABGER (NUMTAB,KEYCOD,KEYTXT,DSCTAB) VALUES(305,75,'00504','PAGAMENTO DE INDENIZACAO DE SINISTRO DE CO-SEGURO');
INSERT INTO TBTABGER (NUMTAB,KEYCOD,KEYTXT,DSCTAB) VALUES(305,76,'00505','PAGAMENTO DE PREMIO DE RESSEGURO');
INSERT INTO TBTABGER (NUMTAB,KEYCOD,KEYTXT,DSCTAB) VALUES(305,77,'00507','PAGAMENTO DE INDENIZACAO DE SINISTRO DE RESSEGURO');
INSERT INTO TBTABGER (NUMTAB,KEYCOD,KEYTXT,DSCTAB) VALUES(305,78,'00508','RESTITUICAO DE INDENIZACAO DE SINISTRO DE RESSEGUR');
INSERT INTO TBTABGER (NUMTAB,KEYCOD,KEYTXT,DSCTAB) VALUES(305,79,'00509','PAGAMENTO DE DESPESAS COM SINISTROS');
INSERT INTO TBTABGER (NUMTAB,KEYCOD,KEYTXT,DSCTAB) VALUES(305,80,'00510','PAGAMENTO DE INSPECOES/VISTORIAS PREVIAS');
INSERT INTO TBTABGER (NUMTAB,KEYCOD,KEYTXT,DSCTAB) VALUES(305,81,'00511','PAGAMENTO DE RESGATE DE TITULO DA CAPITALIZACAO');
INSERT INTO TBTABGER (NUMTAB,KEYCOD,KEYTXT,DSCTAB) VALUES(305,82,'00512','PAGAMENTO DE SORTEIO DE TITULO DE CAPITALIZACAO');
INSERT INTO TBTABGER (NUMTAB,KEYCOD,KEYTXT,DSCTAB) VALUES(305,83,'00513','PAGAMENTO DE DEVOLUCAO DE MENSALIDADE DE TITULO DE');
INSERT INTO TBTABGER (NUMTAB,KEYCOD,KEYTXT,DSCTAB) VALUES(305,84,'00514','RESTITUICAO DE CONTRIBUICAO DE PLANO PREVIDENCIARI');
INSERT INTO TBTABGER (NUMTAB,KEYCOD,KEYTXT,DSCTAB) VALUES(305,85,'00515','PAGAMENTO DE BENEFICIO PREVIDENCIARIO DE PECULIO');
INSERT INTO TBTABGER (NUMTAB,KEYCOD,KEYTXT,DSCTAB) VALUES(305,86,'00516','PAGAMENTO DE BENEFICIO PREVIDENCIARIO DE PENSAO');
INSERT INTO TBTABGER (NUMTAB,KEYCOD,KEYTXT,DSCTAB) VALUES(305,87,'00517','PAGAMENTO DE BENEFICIO PREVIDENCIARIO DE APOSENTAD');
INSERT INTO TBTABGER (NUMTAB,KEYCOD,KEYTXT,DSCTAB) VALUES(305,88,'00518','PAGAMENTO DE RESGATE PREVIDENCIARIO');
INSERT INTO TBTABGER (NUMTAB,KEYCOD,KEYTXT,DSCTAB) VALUES(305,89,'00519','PAGAMENTO DE COMISSAO DE CORRETAGEM');
INSERT INTO TBTABGER (NUMTAB,KEYCOD,KEYTXT,DSCTAB) VALUES(305,90,'00520','PAGAMENTO DE TRANSFERENCIAS/PORTABILIDADE DE RESER');
INSERT INTO TBTABGER (NUMTAB,KEYCOD,KEYTXT,DSCTAB) VALUES(305,91,'99999','OUTROS');

INSERT INTO TBTABGER (NUMTAB,KEYCOD,KEYTXT,DSCTAB) VALUES(912,0,'0','N/A')
INSERT INTO TBTABGER (NUMTAB,KEYCOD,KEYTXT,DSCTAB) VALUES(912,1,'1','POS RECEBIMENTO')
INSERT INTO TBTABGER (NUMTAB,KEYCOD,KEYTXT,DSCTAB) VALUES(912,2,'2','PRE-COBRANÇA')
INSERT INTO TBTABGER (NUMTAB,KEYCOD,DSCTAB) VALUES (920,1,'BAIXA VIA BANCO')
INSERT INTO TBTABGER (NUMTAB,KEYCOD,DSCTAB) VALUES (920,2,'BAIXA MANUAL')
INSERT INTO TBTABGER (NUMTAB,KEYCOD,DSCTAB) VALUES (920,3,'BAIXA VIA CARTAO')
INSERT INTO TBTABGER (NUMTAB,KEYCOD,DSCTAB) VALUES (920,4,'BAIXA COM DEBITO EM CONTA')


INSERT INTO TBTABGER (NUMTAB,KEYCOD,KEYTXT,DSCTAB) VALUES(947,1,'1','GESTOR');
INSERT INTO TBTABGER (NUMTAB,KEYCOD,KEYTXT,DSCTAB) VALUES(947,2,'2','USUARIO');
INSERT INTO TBTABGER (NUMTAB,KEYCOD,KEYTXT,DSCTAB) VALUES(105,1,'1','CEDENTE');
INSERT INTO TBTABGER (NUMTAB,KEYCOD,KEYTXT,DSCTAB) VALUES(105,2,'2','SACADO');

UPDATE TBTABGER SET DSCTAB= UPPER((DSCTAB Collate SQL_Latin1_General_Cp1253_CI_AI)) WHERE LTRIM(RTRIM(DSCTAB))<>''
UPDATE TBTABGER SET STAREC=2 WHERE NUMTAB IN (2,6,7,82,20,65,299,105,947)
UPDATE TBSYSGRP SET STAREC=2 WHERE SYSGRP IN (1,2)
UPDATE TBTABGER SET USECOD=0 WHERE NUMTAB IN (2,8)

DELETE FROM TBCADSTA


INSERT INTO TBCADSTA (CODSTA, DSCSTA,CODMOD, NXTSTA) VALUES (1,'EM ABERTO',1,0)
INSERT INTO TBCADSTA (CODSTA, DSCSTA,CODMOD, NXTSTA) VALUES (2,'PAGO',1,0)
INSERT INTO TBCADSTA (CODSTA, DSCSTA,CODMOD, NXTSTA) VALUES (3,'CANCELADO',1,0)
--INSERT INTO TBCADSTA (CODSTA, DSCSTA,CODMOD, NXTSTA) VALUES (4,'PRE-VENDA',1,0)
INSERT INTO TBCADSTA (CODSTA, DSCSTA,CODMOD, NXTSTA) VALUES (18,'EXPIRADO',1,0)
--INSERT INTO TBCADSTA (CODSTA, DSCSTA,CODMOD, NXTSTA) VALUES (90,'PAGO COM CARTAO',1,0)
--INSERT INTO TBCADSTA (CODSTA, DSCSTA,CODMOD, NXTSTA) VALUES (91,'PAGO COM DIVERGENCIA',1,0)
--INSERT INTO TBCADSTA (CODSTA, DSCSTA,CODMOD, NXTSTA) VALUES (92,'DEBITADO EM CONTA',1,0)
--INSERT INTO TBCADSTA (CODSTA, DSCSTA,CODMOD, NXTSTA) VALUES (94,'BAIXADO',1,0)
--INSERT INTO TBCADSTA (CODSTA, DSCSTA,CODMOD, NXTSTA) VALUES (96,'BAIXADO MANUALMENTE',1,0)

INSERT INTO TBCADSTA (CODSTA, DSCSTA,CODMOD, NXTSTA) VALUES (21,'CONCLUIDO',2,0)
INSERT INTO TBCADSTA (CODSTA, DSCSTA,CODMOD, NXTSTA) VALUES (22,'PROCESSANDO',2,0)
INSERT INTO TBCADSTA (CODSTA, DSCSTA,CODMOD, NXTSTA) VALUES (23,'CANCELADO',2,0)
INSERT INTO TBCADSTA (CODSTA, DSCSTA,CODMOD, NXTSTA) VALUES (25,'ESTORNADO',2,0)
INSERT INTO TBCADSTA (CODSTA, DSCSTA,CODMOD, NXTSTA) VALUES (26,'EM APROVACAO',2,0)
INSERT INTO TBCADSTA (CODSTA, DSCSTA,CODMOD, NXTSTA) VALUES (29,'CONCLUIDO',2,0)

INSERT INTO TBCADSTA (CODSTA, DSCSTA,CODMOD, NXTSTA) VALUES (61,'ATIVO',4,0)
INSERT INTO TBCADSTA (CODSTA, DSCSTA,CODMOD, NXTSTA) VALUES (62,'PENDENTE',4,0)
INSERT INTO TBCADSTA (CODSTA, DSCSTA,CODMOD, NXTSTA) VALUES (63,'CANCELADO',4,0)
INSERT INTO TBCADSTA (CODSTA, DSCSTA,CODMOD, NXTSTA) VALUES (65,'BLOQUEADO POR ERRO CADASTRAL',4,0)

INSERT INTO TBCADSTA (CODSTA, DSCSTA,CODMOD, NXTSTA) VALUES (100,'RESERVADO',5,0)
INSERT INTO TBCADSTA (CODSTA, DSCSTA,CODMOD, NXTSTA) VALUES (101,'EM ESTOQUE',5,0)
INSERT INTO TBCADSTA (CODSTA, DSCSTA,CODMOD, NXTSTA) VALUES (103,'VENDIDO',5,0)
INSERT INTO TBCADSTA (CODSTA, DSCSTA,CODMOD, NXTSTA) VALUES (107,'EM PROCESSO DE ATIVACAO',5,0)
INSERT INTO TBCADSTA (CODSTA, DSCSTA,CODMOD, NXTSTA) VALUES (109,'ATIVO',5,0)
INSERT INTO TBCADSTA (CODSTA, DSCSTA,CODMOD, NXTSTA) VALUES (113,'BLOQUEIO TEMPORARIO',5,0)
INSERT INTO TBCADSTA (CODSTA, DSCSTA,CODMOD, NXTSTA) VALUES (114,'BLOQUEIO POR SENHA',5,0)
INSERT INTO TBCADSTA (CODSTA, DSCSTA,CODMOD, NXTSTA,DELMEN) VALUES (120,'CANCELADO',5,0,1)
INSERT INTO TBCADSTA (CODSTA, DSCSTA,CODMOD, NXTSTA) VALUES (121,'BLOQUEADO POR ERRO CADASTRAL',5,0)
INSERT INTO TBCADSTA (CODSTA, DSCSTA,CODMOD, NXTSTA,DELMEN) VALUES (125,'DESTRUICAO',5,0,1)
INSERT INTO TBCADSTA (CODSTA, DSCSTA,CODMOD, NXTSTA,DELMEN) VALUES (126,'EXTRAVIO',5,0,1)
INSERT INTO TBCADSTA (CODSTA, DSCSTA,CODMOD, NXTSTA) VALUES (127,'BLOQUEADO',5,0)
INSERT INTO TBCADSTA (CODSTA, DSCSTA,CODMOD, NXTSTA) VALUES (128,'AGUARDANDO DESBLOQUEIO',5,0)
INSERT INTO TBCADSTA (CODSTA, DSCSTA,CODMOD, NXTSTA) VALUES (129,'CARTAO EXPIRADO',5,0)
INSERT INTO TBCADSTA (CODSTA, DSCSTA,CODMOD, NXTSTA,DELMEN) VALUES (130,'ROUBADO',5,0,1)
INSERT INTO TBCADSTA (CODSTA, DSCSTA,CODMOD, NXTSTA,DELMEN) VALUES (131,'ALOCADO',5,0,0)
INSERT INTO TBCADSTA (CODSTA, DSCSTA,CODMOD, NXTSTA) VALUES (250,'ATIVA',7,0)
INSERT INTO TBCADSTA (CODSTA, DSCSTA,CODMOD, NXTSTA) VALUES (251,'PENDENTE',7,0)
INSERT INTO TBCADSTA (CODSTA, DSCSTA,CODMOD, NXTSTA) VALUES (252,'CANCELADA',7,0)
INSERT INTO TBCADSTA (CODSTA, DSCSTA,CODMOD, NXTSTA) VALUES (253,'EM APROVACAO',7,0)
INSERT INTO TBCADSTA (CODSTA, DSCSTA,CODMOD, NXTSTA,CANCHG,SIGOPE) VALUES (261,'EM COBRANCA',10,0, 1,1)
INSERT INTO TBCADSTA (CODSTA, DSCSTA,CODMOD, NXTSTA,CANCHG,SIGOPE) VALUES (262,'PAGO',10,0,0,-1)
INSERT INTO TBCADSTA (CODSTA, DSCSTA,CODMOD, NXTSTA,CANCHG,SIGOPE) VALUES (263,'COMPENSADO',10,0,0,-1)
INSERT INTO TBCADSTA (CODSTA, DSCSTA,CODMOD, NXTSTA,CANCHG,SIGOPE) VALUES (264,'ESGOTADO LIMITE DE COBRANÇA',10,0,1,0)
INSERT INTO TBCADSTA (CODSTA, DSCSTA,CODMOD, NXTSTA,CANCHG,SIGOPE) VALUES (266,'DEBITADO NO CARTAO',10,0,0,-1)
INSERT INTO TBCADSTA (CODSTA, DSCSTA,CODMOD, NXTSTA,CANCHG,SIGOPE) VALUES (267,'CANCELADO PELO GESTOR/USUARIO',10,0,1,-1)
INSERT INTO TBCADSTA (CODSTA, DSCSTA,CODMOD, NXTSTA,CANCHG,SIGOPE) VALUES (269,'CARTAO CANCELADO',10,0,1,-1)
INSERT INTO TBCADSTA (CODSTA, DSCSTA,CODMOD, NXTSTA,CANCHG,SIGOPE) VALUES (270,'BOLETO BANCÁRIO',10,0,0,-1)
UPDATE TBCADSTA SET UPDUSU=1



INSERT INTO TBTIPTAR (CODTAR, DSCTAR, UPDUSU,CODMOV) VALUES (0,'N/A',1,0)
INSERT INTO TBTIPTAR (CODTAR, DSCTAR, UPDUSU,CODMOV) VALUES (9,'TARIFA DE TRANSFERENCIA ENTRE CONTAS',1,0)
INSERT INTO TBTIPTAR (CODTAR, DSCTAR, UPDUSU,CODMOV) VALUES (8,'TARIFA DE PRE-VENDA',1,0)
INSERT INTO TBTIPTAR (CODTAR, DSCTAR, UPDUSU,CODMOV) VALUES (11,'TARIFA INT VENDA C. CRED. E-COMM',1,0)
INSERT INTO TBTIPTAR (CODTAR, DSCTAR, UPDUSU,CODMOV) VALUES (12,'TARIFA PROCESSAMENTO CARTAO',1,0)
INSERT INTO TBTIPTAR (CODTAR, DSCTAR, UPDUSU,CODMOV) VALUES (13,'VENDA LIVREPAG (C. CREDITO)',1,0)
INSERT INTO TBTIPTAR (CODTAR, DSCTAR, UPDUSU,CODMOV) VALUES (10,'TARIFA ADMINISTRATIVA',1,0)
INSERT INTO TBTIPTAR (CODTAR, DSCTAR, UPDUSU,CODMOV) VALUES (14,'TARIFA DE VENDA DEBITO',1,0)
INSERT INTO TBTIPTAR (CODTAR, DSCTAR, UPDUSU,CODMOV) VALUES (15,'TARIFA DE VENDA CREDITO',1,0)
INSERT INTO TBTIPTAR (CODTAR, DSCTAR, UPDUSU,CODMOV) VALUES (16,'TARIFA ANTECIPACAO E-COMM',1,0)
INSERT INTO TBTIPTAR (CODTAR, DSCTAR, UPDUSU,CODMOV) VALUES (17,'TARIFA PARCELAMENTO E-COMM',1,0)
INSERT INTO TBTIPTAR (CODTAR, DSCTAR, UPDUSU,CODMOV) VALUES (18,'TARIFA ANTECIPACAO C. CRED ',1,0)
INSERT INTO TBTIPTAR (CODTAR, DSCTAR, UPDUSU,CODMOV) VALUES (19,'TARIFA PARCELAMENTO C. CRED',1,0)
INSERT INTO TBTIPTAR (CODTAR, DSCTAR, UPDUSU,CODMOV) VALUES (1,'TARIFA DE BOLETO',1,0)
INSERT INTO TBTIPTAR (CODTAR, DSCTAR, UPDUSU,CODMOV) VALUES (2,'TARIFA DE ATIVACAO DE CARTAO',1,0)
INSERT INTO TBTIPTAR (CODTAR, DSCTAR, UPDUSU,CODMOV) VALUES (3,'TARIFA DE TRANSFERENCIA DE CARTAO',1,0)
INSERT INTO TBTIPTAR (CODTAR, DSCTAR, UPDUSU,CODMOV) VALUES (4,'TARIFA DE TRANSFERENCIA OUTROS BANCOS',1,0)
INSERT INTO TBTIPTAR (CODTAR, DSCTAR, UPDUSU,CODMOV) VALUES (5,'TARIFA DE RECARGA VIA BOLETO',1,0)
INSERT INTO TBTIPTAR (CODTAR, DSCTAR, UPDUSU,CODMOV) VALUES (6,'TARIFA DE TRANSFERENCIA ENTRE CONTAS',1,0)
INSERT INTO TBTIPTAR (CODTAR, DSCTAR, UPDUSU,CODMOV) VALUES (7,'TARIFA DE RECARGA ON-LINE',1,0)
INSERT INTO TBTIPTAR (CODTAR, DSCTAR, UPDUSU,CODMOV) VALUES (21,'TARIFA DE TRANSF CARTAO P/ OUTROS BANCOS',1,0)
INSERT INTO TBTIPTAR (CODTAR, DSCTAR, UPDUSU,CODMOV) VALUES (22,'TAXA DE DEPOSITANTE',1,0)
INSERT INTO TBTIPTAR (CODTAR, DSCTAR, UPDUSU,CODMOV) VALUES (25,'TARIFA SOBRE PGTO/ADTO BONUS',1,0)
INSERT INTO TBTIPTAR (CODTAR, DSCTAR, UPDUSU,CODMOV) VALUES (27,'TARIFA VENDA - CHECKIN',1,0)
INSERT INTO TBTIPTAR (CODTAR, DSCTAR, UPDUSU,CODMOV) VALUES (20,'TARIFA DE PAGAMENTO DE CONTAS',1,0)
INSERT INTO TBTIPTAR (CODTAR, DSCTAR, UPDUSU,CODMOV) VALUES (31,'TARIFA DE CREDITO AVULSO',1,0)
INSERT INTO TBTIPTAR (CODTAR, DSCTAR, UPDUSU,CODMOV) VALUES (26,'TARIFA DE EXPEDICAO',1,0)
INSERT INTO TBTIPTAR (CODTAR, DSCTAR, UPDUSU,CODMOV) VALUES (28,'TARIFA SAQUE',1,0)
INSERT INTO TBTIPTAR (CODTAR, DSCTAR, UPDUSU,CODMOV) VALUES (29,'TARIFA DEPOSITO',1,0)
INSERT INTO TBTIPTAR (CODTAR, DSCTAR, UPDUSU,CODMOV) VALUES (23,'TARIFA PRE-VENDA POS',1,0)
INSERT INTO TBTIPTAR (CODTAR, DSCTAR, UPDUSU,CODMOV) VALUES (24,'TARIFA PRE-VENDA CARTAO',1,0)
INSERT INTO TBTIPTAR (CODTAR, DSCTAR, UPDUSU,CODMOV) VALUES (30,'TARIFA DE BOLETO RECARGA TED',1,0)
UPDATE TBTIPTAR SET STAREC=2 WHERE CODTAR IN (1,5,22)



INSERT INTO TBTIPCTO (TIPCTO, DSCCTO,STAREC) VALUES (0,'N/D',2);
INSERT INTO TBTIPCTO (TIPCTO, DSCCTO,STAREC) VALUES (1,'Residencial',2);
INSERT INTO TBTIPCTO (TIPCTO, DSCCTO,STAREC) VALUES (2,'Comercial',2);
INSERT INTO TBTIPCTO (TIPCTO, DSCCTO,STAREC) VALUES (3,'Celular',2);
UPDATE TBTIPCTO SET DSCCTO= UPPER((DSCCTO Collate SQL_Latin1_General_Cp1253_CI_AI)) WHERE LTRIM(RTRIM(DSCCTO))<>''


INSERT INTO TBTIPEND (TIPEND, DSCTEN) VALUES (0,'N/D');
INSERT INTO TBTIPEND (TIPEND, DSCTEN,REFCTO) VALUES (1,'Residencial',1);
INSERT INTO TBTIPEND (TIPEND, DSCTEN,REFCTO) VALUES (2,'Comercial',1);
INSERT INTO TBTIPEND (TIPEND, DSCTEN) VALUES (3,'Email');
INSERT INTO TBTIPEND (TIPEND, DSCTEN) VALUES (4,'WebSite');
UPDATE TBTIPEND SET DSCTEN= UPPER((DSCTEN Collate SQL_Latin1_General_Cp1253_CI_AI)) WHERE LTRIM(RTRIM(DSCTEN))<>''
INSERT INTO TBTIPCTA (TIPCTA, DSCCTA, TIPEXT) VALUES (1,'CONTA VIRTUAL', 'CV');
INSERT INTO TBTIPCTA (TIPCTA, DSCCTA, TIPEXT) VALUES (2,'CONTA CORRENTE', 'CC');
INSERT INTO TBTIPCTA (TIPCTA, DSCCTA, TIPEXT) VALUES (3,'CONTA POUPANÇA', 'CP');
UPDATE TBTIPCTA SET DSCCTA= UPPER((DSCCTA Collate SQL_Latin1_General_Cp1253_CI_AI)) WHERE LTRIM(RTRIM(DSCCTA))<>''



/* USUARIOS ADMNISTRADORES */
INSERT INTO TBCADGER (STAREC,CODUSU, CODATR,SRCUSU,NIVCFA, STAUSU, TIPUSU,TIPPES,CODPJU,NUMIRG,       CODCMF,                       NOMUSU,NOMMAE,     DATNAC,ATRPPE,CTLOPE,DSCOCO,CODNAC)
              VALUES (     2,     1,      1,     0,     3,     61,      1,   'M',   'F',    '','00000000001','EMPRESA TESTE'              ,    '', '20220201',     0,     0,'',55)
INSERT INTO TBCADGER (STAREC,CODUSU, CODATR,SRCUSU,NIVCFA, STAUSU, TIPUSU,TIPPES,CODPJU,NUMIRG,       CODCMF,                       NOMUSU,NOMMAE,     DATNAC,ATRPPE,CTLOPE,DSCOCO,CODNAC)
              VALUES (     2,     2,      2,     0,     3,     61,      1,   'M',   'F',    '','05866457806','AGOSTINHO DA SILVA MILAGRES',    '', '19650421',     0,     0,'',55)
INSERT INTO TBCADGER (STAREC,CODUSU, CODATR,SRCUSU,NIVCFA, STAUSU, TIPUSU,TIPPES,CODPJU,NUMIRG,       CODCMF,                       NOMUSU,NOMMAE,     DATNAC,ATRPPE,CTLOPE,DSCOCO,CODNAC)
              VALUES (     2,     3,      2,     0,     3,     61,      1,   'M',   'I',    '','01000000000010','ROBÔ',    '', '20000101',     0,     0,'',55)
INSERT INTO TBCADGER (STAREC,CODUSU, CODATR,SRCUSU,NIVCFA, STAUSU, TIPUSU,TIPPES,CODPJU,NUMIRG,       CODCMF,                       NOMUSU,NOMMAE,     DATNAC,ATRPPE,CTLOPE,DSCOCO,CODNAC)
              VALUES (     1,     4,      3,     0,     3,     61,      2,   'M',   'I',    '','01000000000011','VISAGE EMPREEENDIMENTOS',    '', '20000101',     0,     0,'',55)
INSERT INTO TBCADGER (STAREC,CODUSU, CODATR,SRCUSU,NIVCFA, STAUSU, TIPUSU,TIPPES,CODPJU,NUMIRG,       CODCMF,                       NOMUSU,NOMMAE,     DATNAC,ATRPPE,CTLOPE,DSCOCO,CODNAC)
              VALUES (     1,     5,      3,     0,     3,     61,      3,   'M',   'I',    '','01000000000013','RAPHAEL VEIGA',    '', '20000101',     0,     0,'',55)
INSERT INTO TBCADGER (STAREC,CODUSU, CODATR,SRCUSU,NIVCFA, STAUSU, TIPUSU,TIPPES,CODPJU,NUMIRG,       CODCMF,                       NOMUSU,NOMMAE,     DATNAC,ATRPPE,CTLOPE,DSCOCO,CODNAC)
              VALUES (     1,     6,      4,     0,     3,     61,      4,   'M',   'I',    '','01000000000014','GUIMARAES ROSA',    '', '20000104',     0,     0,'',55)
INSERT INTO TBCADGER (STAREC,CODUSU, CODATR,SRCUSU,NIVCFA, STAUSU, TIPUSU,TIPPES,CODPJU,NUMIRG,       CODCMF,                       NOMUSU,NOMMAE,     DATNAC,ATRPPE,CTLOPE,DSCOCO,CODNAC)
              VALUES (     1,     7,      4,     4,     3,     61,      4,   'M',   'I',    '','01000000000015','FRANCIS BACON',    '', '20000104',     0,     0,'',55)
INSERT INTO TBCADGER (STAREC,CODUSU, CODATR,SRCUSU,NIVCFA, STAUSU, TIPUSU,TIPPES,CODPJU,NUMIRG,       CODCMF,                       NOMUSU,NOMMAE,     DATNAC,ATRPPE,CTLOPE,DSCOCO,CODNAC)
              VALUES (     1,     8,      7,     0,     3,     61,      4,   'M',   'I',    '','01000000000008','BANCO DO TROVAO',    '', '20000104',     0,     0,'',55)

/* GESTOR PADRAO */
INSERT INTO TBCADTAR (NIVCFG,USUCFG,CODTAR,FMTCOB,VLRTAR) VALUES (1,1, 1,1,4.90)  -- BOLETO
INSERT INTO TBCADTAR (NIVCFG,USUCFG,CODTAR,FMTCOB,VLRTAR) VALUES (1,1,22,2, 10)   --ADIANTAMENTO
INSERT INTO TBCADTAR (NIVCFG,USUCFG,CODTAR,FMTCOB,VLRTAR) VALUES (1,3,1,1,5.12)  -- BOLETO
INSERT INTO TBCADTAR (NIVCFG,USUCFG,CODTAR,FMTCOB,VLRTAR) VALUES (1,3,22,2,10)   --ADIANTAMENTO

DECLARE @CTT INT =107
DECLARE @CTL INT =8
WHILE (@CTL<=@CTT)
    BEGIN
		INSERT INTO TBCADGER (STAREC,CODUSU, CODATR,SRCUSU,NIVCFA, STAUSU, TIPUSU,TIPPES,CODPJU,NUMIRG,       CODCMF,                       NOMUSU,NOMMAE,     DATNAC,ATRPPE,CTLOPE,DSCOCO,CODNAC)
                      VALUES (     1,  @CTL,      4,     4,     3,     61,      4,   'M',   'I',    '',RIGHT('00000000000' + CONVERT(VARCHAR,@CTL),11) ,'USUARIO ' + CONVERT(VARCHAR,@CTL),    '', '20000104',     0,     0,'',55)
        SET @CTL=@CTL+1
	END

set @CTT =107
SET  @CTL =8
WHILE (@CTL<=@CTT)
    BEGIN
	    EXEC PRCADCTAINS @CTL, '0001','000', '','',1,1,1,250,'20230101',0,0,0,'','',1,2,NULL
        SET @CTL=@CTL+1
	END

	

DECLARE @CODUSU INT = 2
INSERT INTO TBCADEND ( REGATV, CODUSU,TIPEND,TIPLOG,CODUFE,DSCEND, DSCCPL, NUMEND,DSCCID, DSCBAI, CODCEP,CODPAI,STAREC)
VALUES (1,@CODUSU,1,33,'SP','JESUINO DO MONTE CARMELO','A',321,'SAO PAULO','PARQUE BOA ESPERANCA','08341295',55,1)
INSERT INTO TBCADEND ( REGATV, CODUSU,TIPEND,TIPLOG,CODUFE,DSCEND, DSCCPL, NUMEND,DSCCID, DSCBAI, CODCEP,CODPAI,STAREC)
VALUES (1,@CODUSU,3,0,'','agostinho.milagres@gmail.com','',0,'','','00000000',55,1)

SET @CODUSU=6
INSERT INTO TBCADEND ( REGATV, CODUSU,TIPEND,TIPLOG,CODUFE,DSCEND, DSCCPL, NUMEND,DSCCID, DSCBAI, CODCEP,CODPAI,STAREC)
VALUES (1,@CODUSU,1,33,'SP','ZACARIAS MOTTA FILHO','',422,'SAO PAULO','JARDIM DAS ROSAS','08380280',55,1)
INSERT INTO TBCADEND ( REGATV, CODUSU,TIPEND,TIPLOG,CODUFE,DSCEND, DSCCPL, NUMEND,DSCCID, DSCBAI, CODCEP,CODPAI,STAREC)
VALUES (1,@CODUSU,3,0,'','guimaraes.rosa@teste.com','',0,'','','00000000',55,1)

SET @CODUSU=5
INSERT INTO TBCADEND ( REGATV, CODUSU,TIPEND,TIPLOG,CODUFE,DSCEND, DSCCPL, NUMEND,DSCCID, DSCBAI, CODCEP,CODPAI,STAREC)
VALUES (1,@CODUSU,1,33,'SP','ZACARIAS MOTTA FILHO','CASA 2',41,'SAO PAULO','JARDIM DAS ROSAS','08380280',55,1)
INSERT INTO TBCADEND ( REGATV, CODUSU,TIPEND,TIPLOG,CODUFE,DSCEND, DSCCPL, NUMEND,DSCCID, DSCBAI, CODCEP,CODPAI,STAREC)
VALUES (1,@CODUSU,3,0,'','raphael.veiga@teste.com','',0,'','','00000000',55,1)

SET @CODUSU=7
INSERT INTO TBCADEND ( REGATV, CODUSU,TIPEND,TIPLOG,CODUFE,DSCEND, DSCCPL, NUMEND,DSCCID, DSCBAI, CODCEP,CODPAI,STAREC)
VALUES (1,@CODUSU,1,33,'SP','LUZIADAS','CASA 2',41,'SAO PAULO','JARDIM DAS ROSAS','08380280',55,1)
INSERT INTO TBCADEND ( REGATV, CODUSU,TIPEND,TIPLOG,CODUFE,DSCEND, DSCCPL, NUMEND,DSCCID, DSCBAI, CODCEP,CODPAI,STAREC)
VALUES (1,@CODUSU,3,0,'','francis.bacon@teste.com','',0,'','','00000000',55,1)

SET @CODUSU=4
INSERT INTO TBCADCTA (CODUSU, NUMAGE, NUMBCO,  NUMCTA,NUMDVE,ORGCTA,TIPCTA,STACTA,    DATVAL,APLLIM,VLRLIM,TIPBNF,CODCMF,NOMBNF)
              VALUES (@CODUSU,  '0000',  '000','100001',  '1',     1,     1,   250,'20240101',     1,  1000,     0,  '','')
INSERT INTO TBCADCTA (CODUSU, NUMAGE, NUMBCO,  NUMCTA,NUMDVE,ORGCTA,TIPCTA,STACTA,    DATVAL,APLLIM,VLRLIM,TIPBNF,CODCMF,NOMBNF)
              VALUES (@CODUSU,  '2064',  '033','23488',  '0',     2,     2,   250,'20240101',     1,  1400,     1,  '0124509901','ANTONIO RIBAMAR DE FREITAS')
SET @CODUSU=5
INSERT INTO TBCADCTA (CODUSU, NUMAGE, NUMBCO,  NUMCTA,NUMDVE,ORGCTA,TIPCTA,STACTA,    DATVAL,APLLIM,VLRLIM,TIPBNF,CODCMF,NOMBNF)
              VALUES (@CODUSU,  '0000',  '000','100002',  '1',     1,     1,   250,'20240101',     1,  1000,     0,  '','')
SET @CODUSU=6
INSERT INTO TBCADCTA (CODUSU, NUMAGE, NUMBCO,  NUMCTA,NUMDVE,ORGCTA,TIPCTA,STACTA,    DATVAL,APLLIM,VLRLIM,TIPBNF,CODCMF,NOMBNF)
              VALUES (@CODUSU,  '0000',  '000','100003',  '1',     1,     1,   250,'20240101',     1,  1000,     0,  '','')
SET @CODUSU=7
INSERT INTO TBCADCTA (CODUSU, NUMAGE, NUMBCO,  NUMCTA,NUMDVE,ORGCTA,TIPCTA,STACTA,    DATVAL,APLLIM,VLRLIM,TIPBNF,CODCMF,NOMBNF)
              VALUES (@CODUSU,  '0000',  '000','100004',  '1',     1,     1,   250,'20240101',     1,  1000,     0,  '','')

INSERT INTO TBLINPRO (LINPRO, DSCLIN) VALUES (1, 'PLATAFORMA');
INSERT INTO TBLINPRO (LINPRO, DSCLIN) VALUES (2, 'CARTOES');
INSERT INTO TBLINPRO (LINPRO, DSCLIN) VALUES (3, 'BOLETOS');
INSERT INTO TBCADPRO (CODPRO, DSCPRO, LINPRO,NOMFAN,ATVCDT,ATVGPA, INDBNF) VALUES (1,'PLATAFORMA',1,'',0,0,0)
INSERT INTO TBCADPRO (CODPRO, DSCPRO, LINPRO,NOMFAN,ATVCDT,ATVGPA, INDBNF) VALUES (2,'CARTAO BLACK',2,'T1',0,0,0)
INSERT INTO TBCADPRO (CODPRO, DSCPRO, LINPRO,NOMFAN,ATVCDT,ATVGPA, INDBNF) VALUES (3,'CARTAO GOLD',2,'T2',0,0,0)
INSERT INTO TBCADPRO (CODPRO, DSCPRO, LINPRO,NOMFAN,ATVCDT,ATVGPA, INDBNF) VALUES (4,'CARTAO YELLOW',2,'AMARELAO',0,0,0)
INSERT INTO TBCADPRO (CODPRO, DSCPRO, LINPRO,NOMFAN,ATVCDT,ATVGPA, INDBNF) VALUES (5,'BOLETO COBRANCA',3,'',0,0,0)

INSERT INTO TBUSUPRO (USUPRO, CODUSU, CODPRO) VALUES (1, 1, 1)
INSERT INTO TBUSUPRO (USUPRO, CODUSU, CODPRO,APLMEN,VLRMEN) VALUES (2, 2, 2,1,9.90)
INSERT INTO TBUSUPRO (USUPRO, CODUSU, CODPRO,APLMEN,VLRMEN) VALUES (3, 3, 2,1,1.90)
INSERT INTO TBUSUPRO (USUPRO, CODUSU, CODPRO,APLMEN,VLRMEN) VALUES (4, 4, 2,1,2.90)
INSERT INTO TBUSUPRO (USUPRO, CODUSU, CODPRO,APLMEN,VLRMEN) VALUES (5, 5, 4,0,0)


INSERT INTO TBNXTNUM (CODTBI, NUMNXT) VALUES (1,100) /* CADASTRO GERAL */
INSERT INTO TBNXTNUM (CODTBI, NUMNXT) VALUES (3,6) /* PRODUTO */
INSERT INTO TBNXTNUM (CODTBI, NUMNXT) VALUES (4,20) /* BASE INICIAL CONTA */
INSERT INTO TBNXTNUM (CODTBI, NUMNXT) VALUES (5,1) /* CARTOES */
INSERT INTO TBNXTNUM (CODTBI, NUMNXT) VALUES (6,1) /* ID DE TRANSACAO */
INSERT INTO TBNXTNUM (CODTBI, NUMNXT) VALUES (7,1) /* ID DE CONTROLE DE BAIXA DE BOLETOS */
INSERT INTO TBNXTNUM (CODTBI, NUMNXT) VALUES (10,1) -- NUMERO DE LOTE DE USUARIO
INSERT INTO TBNXTNUM (CODTBI, NUMNXT) VALUES (11,1) -- NUMERO DE LOTE DE CARTOES
INSERT INTO TBNXTNUM (CODTBI, NUMNXT) VALUES (12,1) -- NUMERO DE LOTE CONTA CORRENTE
INSERT INTO TBNXTNUM (CODTBI, NUMNXT) VALUES (13,1) -- NUMERO DE LOTE DE IMPORTACAO
INSERT INTO TBNXTNUM (CODTBI, NUMNXT) VALUES (22,1) -- CONTROLE DE NOSSO NUMERO
INSERT INTO TBNXTNUM (CODTBI, NUMNXT) VALUES (41,1) -- ID DO LOTE DE CARTOES
INSERT INTO TBNXTNUM (CODTBI, NUMNXT) VALUES (42,3) -- GESTOR DE PRODUTOS
INSERT INTO TBNXTNUM (CODTBI, NUMNXT) VALUES (100,1) -- ID DE PROCESSAMENTO

/* FUNCIONALIDADES*/

INSERT INTO TBSYSFUN (SYSAPL,SYSTBL,SYSROL, SYSMTH,SYSPRC,SYSDSC) VALUES (1,8,10,'Insert','PRCADENDINS','Inclusão de Registros na tabela TBCADEND Cadasto de Endereços')
INSERT INTO TBSYSFUN (SYSAPL,SYSTBL,SYSROL, SYSMTH,SYSPRC,SYSDSC) VALUES (1,8,20,'Update','PRCADENDUPD','Alteração de Registros na tabela TBCADEND Cadasto de Endereços')
INSERT INTO TBSYSFUN (SYSAPL,SYSTBL,SYSROL, SYSMTH,SYSPRC,SYSDSC) VALUES (1,8,100,'Find','PRCADENDFND','Localiza o ID de um endereço com base nos parametros fornecidos')
INSERT INTO TBSYSFUN (SYSAPL,SYSTBL,SYSROL, SYSMTH,SYSPRC,SYSDSC) VALUES (1,9,10,'Insert','PRCADCTOINS','Inclusão de Registros na tabela TBCADCTO Tabela de Contatos')
INSERT INTO TBSYSFUN (SYSAPL,SYSTBL,SYSROL, SYSMTH,SYSPRC,SYSDSC) VALUES (1,9,20,'Update','PRCADCTOUPD','Alteração de Registros na tabela TBCADCTO Tabela de Contatos')
INSERT INTO TBSYSFUN (SYSAPL,SYSTBL,SYSROL, SYSMTH,SYSPRC,SYSDSC) VALUES (1,9,100,'Find','PRCADCTOFIN','Localiza um contato com base nos parâmetros fornecidos')
INSERT INTO TBSYSFUN (SYSAPL,SYSTBL,SYSROL, SYSMTH,SYSPRC,SYSDSC) VALUES (1,12,10,'Insert','PRCADCTAINS','Inclusão de Registros na tabela TBCADCTA Virtual Account')
INSERT INTO TBSYSFUN (SYSAPL,SYSTBL,SYSROL, SYSMTH,SYSPRC,SYSDSC) VALUES (1,12,20,'Update','PRCADCTAUPD','Alteração de Registros na tabela TBCADCTA Virtual Account')
INSERT INTO TBSYSFUN (SYSAPL,SYSTBL,SYSROL, SYSMTH,SYSPRC,SYSDSC) VALUES (1,12,100,'DeleteAccountID','PRCADCTADELNID','Exclui logicamente um registro de conta')
INSERT INTO TBSYSFUN (SYSAPL,SYSTBL,SYSROL, SYSMTH,SYSPRC,SYSDSC) VALUES (1,12,105,'ChangeStatusAccount','PRCADCTACHGSTAACC','Executa a aprovação ou rejeição de uma conta digital')
INSERT INTO TBSYSFUN (SYSAPL,SYSTBL,SYSROL, SYSMTH,SYSPRC,SYSDSC) VALUES (1,12,110,'Locate','PRCADCTALOC','Localiza uma conta virtual a partir do código de usuário')
INSERT INTO TBSYSFUN (SYSAPL,SYSTBL,SYSROL, SYSMTH,SYSPRC,SYSDSC) VALUES (1,13,10,'Insert','PRSYSFUNINS','Inclusão de Registros na tabela TBSYSFUN System Features')
INSERT INTO TBSYSFUN (SYSAPL,SYSTBL,SYSROL, SYSMTH,SYSPRC,SYSDSC) VALUES (1,13,20,'Update','PRSYSFUNUPD','Alteração de Registros na tabela TBSYSFUN System Features')
INSERT INTO TBSYSFUN (SYSAPL,SYSTBL,SYSROL, SYSMTH,SYSPRC,SYSDSC) VALUES (1,21,10,'Insert','PRSYSGRPINS','Inclusão de Registros na tabela TBSYSGRP Groups')
INSERT INTO TBSYSFUN (SYSAPL,SYSTBL,SYSROL, SYSMTH,SYSPRC,SYSDSC) VALUES (1,21,20,'Update','PRSYSGRPUPD','Alteração de Registros na tabela TBSYSGRP Groups')
INSERT INTO TBSYSFUN (SYSAPL,SYSTBL,SYSROL, SYSMTH,SYSPRC,SYSDSC) VALUES (1,23,10,'Insert','PRSYSFXGINS','Inclusão de Registros na tabela TBSYSFXG Features x Group')
INSERT INTO TBSYSFUN (SYSAPL,SYSTBL,SYSROL, SYSMTH,SYSPRC,SYSDSC) VALUES (1,23,20,'Update','PRSYSFXGUPD','Alteração de Registros na tabela TBSYSFXG Features x Group')
INSERT INTO TBSYSFUN (SYSAPL,SYSTBL,SYSROL, SYSMTH,SYSPRC,SYSDSC) VALUES (1,22,10,'Insert','PRSYSUXGINS','Inclusão de Registros na tabela TBSYSUXG User Group')
INSERT INTO TBSYSFUN (SYSAPL,SYSTBL,SYSROL, SYSMTH,SYSPRC,SYSDSC) VALUES (1,22,20,'Update','PRSYSUXGUPD','Alteração de Registros na tabela TBSYSUXG User Group')
INSERT INTO TBSYSFUN (SYSAPL,SYSTBL,SYSROL, SYSMTH,SYSPRC,SYSDSC) VALUES (1,18,10,'MigrateTo','PRCADCRTINS','Inclusão de Registros na tabela TBCADCRT Cadastro de Cartões')
INSERT INTO TBSYSFUN (SYSAPL,SYSTBL,SYSROL, SYSMTH,SYSPRC,SYSDSC) VALUES (1,18,20,'Update','PRCADCRTUPD','Alteração de Registros na tabela TBCADCRT Cadastro de Cartões')
INSERT INTO TBSYSFUN (SYSAPL,SYSTBL,SYSROL, SYSMTH,SYSPRC,SYSDSC) VALUES (1,18,100,'IsAlocated','PRADMCRTGETATV','Verifica se o cartão já foi alocado para um portador')
INSERT INTO TBSYSFUN (SYSAPL,SYSTBL,SYSROL, SYSMTH,SYSPRC,SYSDSC) VALUES (1,18,105,'ChangeStatus','PRADMCRTCHGSTA','ADM : Altera o Status de um Cartão')
INSERT INTO TBSYSFUN (SYSAPL,SYSTBL,SYSROL, SYSMTH,SYSPRC,SYSDSC) VALUES (1,18,110,'ChangePin','PRADMCRTCHGPSW','Efetua a alteração da senha do cartão')
INSERT INTO TBSYSFUN (SYSAPL,SYSTBL,SYSROL, SYSMTH,SYSPRC,SYSDSC) VALUES (1,18,115,'ChangeCVC','PRADMCRTCHGCVC','Efetua a alteração do número o CVC do Cartão')
INSERT INTO TBSYSFUN (SYSAPL,SYSTBL,SYSROL, SYSMTH,SYSPRC,SYSDSC) VALUES (1,18,120,'CancelAssociation','PRREGCRTCHGASS','Efetua o cancelamento da associação de um cartão')
INSERT INTO TBSYSFUN (SYSAPL,SYSTBL,SYSROL, SYSMTH,SYSPRC,SYSDSC) VALUES (1,1,10,'Insert','PRCADGERINS','Inclusão de Registros na tabela TBCADGER Cadastro Geral de Usuários')
INSERT INTO TBSYSFUN (SYSAPL,SYSTBL,SYSROL, SYSMTH,SYSPRC,SYSDSC) VALUES (1,1,20,'Update','PRCADGERUPD','Alteração de Registros na tabela TBCADGER Cadastro Geral de Usuários')
INSERT INTO TBSYSFUN (SYSAPL,SYSTBL,SYSROL, SYSMTH,SYSPRC,SYSDSC) VALUES (1,1,100,'ValidateEntryCMF','PRCADGERVALENTRCMF','Valida um CPF/CNPJ já existente para o mesmo atributo na base de cadastro geral')
INSERT INTO TBSYSFUN (SYSAPL,SYSTBL,SYSROL, SYSMTH,SYSPRC,SYSDSC) VALUES (1,1,105,'PesquisarCMF','PRCADUSUPSQCMF','Verifica se já existe um cadastro com o CPF/CNPJ cadastrado, e retorna o id localizado')
INSERT INTO TBSYSFUN (SYSAPL,SYSTBL,SYSROL, SYSMTH,SYSPRC,SYSDSC) VALUES (1,16,10,'Insert','PRCADPROINS','Inclusão de Registros na tabela TBCADPRO Products')
INSERT INTO TBSYSFUN (SYSAPL,SYSTBL,SYSROL, SYSMTH,SYSPRC,SYSDSC) VALUES (1,16,20,'Update','PRCADPROUPD','Alteração de Registros na tabela TBCADPRO Products')
INSERT INTO TBSYSFUN (SYSAPL,SYSTBL,SYSROL, SYSMTH,SYSPRC,SYSDSC) VALUES (1,5,10,'Insert','PRTIPATRINS','Inclusão de Registros na tabela TBTIPATR Tipo de Atributo')
INSERT INTO TBSYSFUN (SYSAPL,SYSTBL,SYSROL, SYSMTH,SYSPRC,SYSDSC) VALUES (1,5,20,'Update','PRTIPATRUPD','Alteração de Registros na tabela TBTIPATR Tipo de Atributo')
INSERT INTO TBSYSFUN (SYSAPL,SYSTBL,SYSROL, SYSMTH,SYSPRC,SYSDSC) VALUES (1,6,10,'Insert','PRCADSTAINS','Inclusão de Registros na tabela TBCADSTA Transaction Status')
INSERT INTO TBSYSFUN (SYSAPL,SYSTBL,SYSROL, SYSMTH,SYSPRC,SYSDSC) VALUES (1,6,20,'Update','PRCADSTAUPD','Alteração de Registros na tabela TBCADSTA Transaction Status')
INSERT INTO TBSYSFUN (SYSAPL,SYSTBL,SYSROL, SYSMTH,SYSPRC,SYSDSC) VALUES (1,20,10,'Insert','PRTIPCTAINS','Inclusão de Registros na tabela TBTIPCTA Tipos de Conta')
INSERT INTO TBSYSFUN (SYSAPL,SYSTBL,SYSROL, SYSMTH,SYSPRC,SYSDSC) VALUES (1,20,20,'Update','PRTIPCTAUPD','Alteração de Registros na tabela TBTIPCTA Tipos de Conta')
INSERT INTO TBSYSFUN (SYSAPL,SYSTBL,SYSROL, SYSMTH,SYSPRC,SYSDSC) VALUES (1,15,10,'Insert','PRLINPROINS','Inclusão de Registros na tabela TBLINPRO Linha de Produto')
INSERT INTO TBSYSFUN (SYSAPL,SYSTBL,SYSROL, SYSMTH,SYSPRC,SYSDSC) VALUES (1,15,20,'Update','PRLINPROUPD','Alteração de Registros na tabela TBLINPRO Linha de Produto')
INSERT INTO TBSYSFUN (SYSAPL,SYSTBL,SYSROL, SYSMTH,SYSPRC,SYSDSC) VALUES (1,14,10,'Insert','PRREGCRTINS','Inclusão de Registros na tabela TBREGCRT Active Cards')
INSERT INTO TBSYSFUN (SYSAPL,SYSTBL,SYSROL, SYSMTH,SYSPRC,SYSDSC) VALUES (1,14,20,'Update','PRREGCRTUPD','Alteração de Registros na tabela TBREGCRT Active Cards')
INSERT INTO TBSYSFUN (SYSAPL,SYSTBL,SYSROL, SYSMTH,SYSPRC,SYSDSC) VALUES (1,14,100,'ChangeOnlineShop','PRREGCRTCHGONLPAR','Altera o campo de permissão de compra on-line')
INSERT INTO TBSYSFUN (SYSAPL,SYSTBL,SYSROL, SYSMTH,SYSPRC,SYSDSC) VALUES (1,14,105,'ChangeWithdraw','PRREGCRTCHGSAQPAR','Altera o campo de permissão de saque')
INSERT INTO TBSYSFUN (SYSAPL,SYSTBL,SYSROL, SYSMTH,SYSPRC,SYSDSC) VALUES (1,14,110,'ChangeOwner','PRREGCRTCHGOWN','Altera o Gestor do Cartão em uso')
INSERT INTO TBSYSFUN (SYSAPL,SYSTBL,SYSROL, SYSMTH,SYSPRC,SYSDSC) VALUES (1,14,115,'CancelMonthlyFees','PRREGCRTCHGMEN','Executa Ações de Atualização pela manutenção do Cartão')
INSERT INTO TBSYSFUN (SYSAPL,SYSTBL,SYSROL, SYSMTH,SYSPRC,SYSDSC) VALUES (1,14,120,'IsActivatable','PRREGCRTGETATV','Verifica se o cartão e o CPF/CNPJ informado são passíveis de ativação')
INSERT INTO TBSYSFUN (SYSAPL,SYSTBL,SYSROL, SYSMTH,SYSPRC,SYSDSC) VALUES (1,14,125,'LockCard','PRREGCRTLCKCRT','Operação@1 -Bloqueia o Cartão@2 - Reverte o Bloqueio Anterior@3 -Fixa o cartão como aguardando desbloqueio')
INSERT INTO TBSYSFUN (SYSAPL,SYSTBL,SYSROL, SYSMTH,SYSPRC,SYSDSC) VALUES (1,14,130,'ChangeStatus','PRREGCRTCHGSTA','Altera o Status de um Cartão')
INSERT INTO TBSYSFUN (SYSAPL,SYSTBL,SYSROL, SYSMTH,SYSPRC,SYSDSC) VALUES (1,14,135,'ChangePin','PRREGCRTCHGPSW','Efetua a alteração da senha do cartão')
INSERT INTO TBSYSFUN (SYSAPL,SYSTBL,SYSROL, SYSMTH,SYSPRC,SYSDSC) VALUES (1,14,140,'ChangeCVC','PRREGCRTCHGCVC','Efetua a alteração do número o CVC do Cartão')
INSERT INTO TBSYSFUN (SYSAPL,SYSTBL,SYSROL, SYSMTH,SYSPRC,SYSDSC) VALUES (1,2,10,'Insert','PRLGNUSUINS','Inclusão de Registros na tabela TBLGNUSU Login de Usuário')
INSERT INTO TBSYSFUN (SYSAPL,SYSTBL,SYSROL, SYSMTH,SYSPRC,SYSDSC) VALUES (1,2,20,'Update','PRLGNUSUUPD','Alteração de Registros na tabela TBLGNUSU Login de Usuário')
INSERT INTO TBSYSFUN (SYSAPL,SYSTBL,SYSROL, SYSMTH,SYSPRC,SYSDSC) VALUES (1,2,100,'GetAccessControl','PRLGNUSUACECTL','Obtêm o registro de controle de acesso do usuário')
INSERT INTO TBSYSFUN (SYSAPL,SYSTBL,SYSROL, SYSMTH,SYSPRC,SYSDSC) VALUES (1,2,105,'Logoff','','Efetua o logoff de um usuario')
INSERT INTO TBSYSFUN (SYSAPL,SYSTBL,SYSROL, SYSMTH,SYSPRC,SYSDSC) VALUES (1,2,110,'Login','PRLGNUSULOG','Efetua um login com base nas credenciais de acesso')
INSERT INTO TBSYSFUN (SYSAPL,SYSTBL,SYSROL, SYSMTH,SYSPRC,SYSDSC) VALUES (1,2,115,'NeedRefresh','PRLGNUSUREF','Verifica se o usuario precisa fazer um refresh de senha')
INSERT INTO TBSYSFUN (SYSAPL,SYSTBL,SYSROL, SYSMTH,SYSPRC,SYSDSC) VALUES (1,2,120,'ChangePassword','PRLGNUSUCHGPSW','Efetua um login com base nas credenciais de acesso')
INSERT INTO TBSYSFUN (SYSAPL,SYSTBL,SYSROL, SYSMTH,SYSPRC,SYSDSC) VALUES (1,2,125,'ResetPassword','PRLGNUSURSTPSW','Efetua um login com base nas credenciais de acesso')
INSERT INTO TBSYSFUN (SYSAPL,SYSTBL,SYSROL, SYSMTH,SYSPRC,SYSDSC) VALUES (1,17,10,'Insert','PRUSUPROINS','Inclusão de Registros na tabela TBUSUPRO Gestores de Produtos')
INSERT INTO TBSYSFUN (SYSAPL,SYSTBL,SYSROL, SYSMTH,SYSPRC,SYSDSC) VALUES (1,17,20,'Update','PRUSUPROUPD','Alteração de Registros na tabela TBUSUPRO Gestores de Produtos')
INSERT INTO TBSYSFUN (SYSAPL,SYSTBL,SYSROL, SYSMTH,SYSPRC,SYSDSC) VALUES (1,14,145,'CancelAssociation','PRREGCRTCHGASS','Cancela a associação de um cartão')
INSERT INTO TBSYSFUN (SYSAPL,SYSTBL,SYSROL, SYSMTH,SYSPRC,SYSDSC) VALUES (1,24,10,'Insert','PRREGMENINS','Inclusão de Registros na tabela TBREGMEN Monthly Payment')
INSERT INTO TBSYSFUN (SYSAPL,SYSTBL,SYSROL, SYSMTH,SYSPRC,SYSDSC) VALUES (1,24,20,'Update','PRREGMENUPD','Alteração de Registros na tabela TBREGMEN Monthly Payment')
INSERT INTO TBSYSFUN (SYSAPL,SYSTBL,SYSROL, SYSMTH,SYSPRC,SYSDSC) VALUES (1,24,100,'CreateMonthlyCard','PRREGMENCRTMENCRT','Verifica se o cartão já foi alocado para um portador')
INSERT INTO TBSYSFUN (SYSAPL,SYSTBL,SYSROL, SYSMTH,SYSPRC,SYSDSC) VALUES (1,25,10,'Insert','PRTIPTARINS','Inclusão de Registros na tabela TBTIPTAR Tariff Type')
INSERT INTO TBSYSFUN (SYSAPL,SYSTBL,SYSROL, SYSMTH,SYSPRC,SYSDSC) VALUES (1,25,20,'Update','PRTIPTARUPD','Alteração de Registros na tabela TBTIPTAR Tariff Type')
INSERT INTO TBSYSFUN (SYSAPL,SYSTBL,SYSROL, SYSMTH,SYSPRC,SYSDSC) VALUES (1,26,10,'Insert','PRTIPMOVINS','Inclusão de Registros na tabela TBTIPMOV Operations')
INSERT INTO TBSYSFUN (SYSAPL,SYSTBL,SYSROL, SYSMTH,SYSPRC,SYSDSC) VALUES (1,26,20,'Update','PRTIPMOVUPD','Alteração de Registros na tabela TBTIPMOV Operations')
INSERT INTO TBSYSFUN (SYSAPL,SYSTBL,SYSROL, SYSMTH,SYSPRC,SYSDSC) VALUES (1,27,10,'Insert','PREXPTARINS','Inclusão de Registros na tabela TBEXPTAR Expanded Tariff')
INSERT INTO TBSYSFUN (SYSAPL,SYSTBL,SYSROL, SYSMTH,SYSPRC,SYSDSC) VALUES (1,27,20,'Update','PREXPTARUPD','Alteração de Registros na tabela TBEXPTAR Expanded Tariff')
INSERT INTO TBSYSFUN (SYSAPL,SYSTBL,SYSROL, SYSMTH,SYSPRC,SYSDSC) VALUES (1,27,100,'ICalculate','PRCADTARCALI','Efetua o cálculo de uma tarifa com base nos parâmetros fornecidos')
INSERT INTO TBSYSFUN (SYSAPL,SYSTBL,SYSROL, SYSMTH,SYSPRC,SYSDSC) VALUES (1,27,105,'Find','PRCADTARFND','Procura por um registro de tarifação de acordo com os parâmetros fornecidos')
INSERT INTO TBSYSFUN (SYSAPL,SYSTBL,SYSROL, SYSMTH,SYSPRC,SYSDSC) VALUES (1,27,110,'LocateTarifacao','PRCADTARFNDTAR','Verifica o usuário detentor do registro de tarifa e obtêm um ID de Tarifação com base nos parâmetros fornecidos')
INSERT INTO TBSYSFUN (SYSAPL,SYSTBL,SYSROL, SYSMTH,SYSPRC,SYSDSC) VALUES (1,27,115,'Calculate','PRCADTARCAL','Verifica o usuário detentor do registro de tarifa e obtêm um ID de Tarifação com base nos parâmetros fornecidos')
INSERT INTO TBSYSFUN (SYSAPL,SYSTBL,SYSROL, SYSMTH,SYSPRC,SYSDSC) VALUES (1,27,120,'I1BilletTax','','Efetua o Cálculo de uma Tarifa de Boleto')
INSERT INTO TBSYSFUN (SYSAPL,SYSTBL,SYSROL, SYSMTH,SYSPRC,SYSDSC) VALUES (1,27,125,'I1Calculate','','Efetua o Cálculo de uma tarifa com base nos parâmetros fornecidos')
INSERT INTO TBSYSFUN (SYSAPL,SYSTBL,SYSROL, SYSMTH,SYSPRC,SYSDSC) VALUES (1,27,130,'CalculateValue','PRCADTARCALVAL','Obtêm o valor de tarifação de acordo com os parâmetros fornecidos')
INSERT INTO TBSYSFUN (SYSAPL,SYSTBL,SYSROL, SYSMTH,SYSPRC,SYSDSC) VALUES (1,27,135,'I1CalculateValue','','Efetua o cálculo de uma tarifa com base nos parâmetros fornecidos')
INSERT INTO TBSYSFUN (SYSAPL,SYSTBL,SYSROL, SYSMTH,SYSPRC,SYSDSC) VALUES (1,27,140,'I2Calculate','','Efetua o cálculo de uma tarifa com basee nos parâmetros fornecidos')
INSERT INTO TBSYSFUN (SYSAPL,SYSTBL,SYSROL, SYSMTH,SYSPRC,SYSDSC) VALUES (1,27,145,'Calculate','PRCADTARCALNID','Verifica o usuário detentor do registro de tarifa e obtêm um ID de Tarifação com base nos parâmetros fornecidos')
INSERT INTO TBSYSFUN (SYSAPL,SYSTBL,SYSROL, SYSMTH,SYSPRC,SYSDSC) VALUES (1,27,150,'GetExpandeRate','PRCADTARGETEXPTAR','Obtêm a tarifa expandida de registro de tarifação')
INSERT INTO TBSYSFUN (SYSAPL,SYSTBL,SYSROL, SYSMTH,SYSPRC,SYSDSC) VALUES (1,27,155,'CopyManagersFee','PRCADTARGERCPY','Processa a cópia de tarifas de gestores')
INSERT INTO TBSYSFUN (SYSAPL,SYSTBL,SYSROL, SYSMTH,SYSPRC,SYSDSC) VALUES (1,27,160,'CopyUsersFee','PRCADTARUSRCPY','Processa a cópia de tarifas de usuarios')
INSERT INTO TBSYSFUN (SYSAPL,SYSTBL,SYSROL, SYSMTH,SYSPRC,SYSDSC) VALUES (1,27,165,'InactiveRates','PRCADTARINAALL','Processa a inativação de registros de tarifas de usuarios ou gestores inativos')
INSERT INTO TBSYSFUN (SYSAPL,SYSTBL,SYSROL, SYSMTH,SYSPRC,SYSDSC) VALUES (1,28,10,'Insert','PRTIPEXPINS','Inclusão de Registros na tabela TBTIPEXP Tipo de Expansão de Tarifa')
INSERT INTO TBSYSFUN (SYSAPL,SYSTBL,SYSROL, SYSMTH,SYSPRC,SYSDSC) VALUES (1,28,20,'Update','PRTIPEXPUPD','Alteração de Registros na tabela TBTIPEXP Tipo de Expansão de Tarifa')
INSERT INTO TBSYSFUN (SYSAPL,SYSTBL,SYSROL, SYSMTH,SYSPRC,SYSDSC) VALUES (1,28,100,'Locate','PRCFGBOLOCREC','Localiza um id de registro de configuração de boleto de acordo com os parâmetros fornecidos')
INSERT INTO TBSYSFUN (SYSAPL,SYSTBL,SYSROL, SYSMTH,SYSPRC,SYSDSC) VALUES (1,28,105,'Find','PRCADTARFND','Procura por um registro de tarifação de acordo com os parâmetros fornecidos')
INSERT INTO TBSYSFUN (SYSAPL,SYSTBL,SYSROL, SYSMTH,SYSPRC,SYSDSC) VALUES (1,28,110,'LocateTarifF','PRCADTARFNDTAR','Verifica o usuário detentor do registro de tarifa e obtêm um ID de Tarifação com base nos parâmetros fornecidos')
INSERT INTO TBSYSFUN (SYSAPL,SYSTBL,SYSROL, SYSMTH,SYSPRC,SYSDSC) VALUES (1,28,115,'Calculate','PRCADTARCAL','Verifica o usuário detentor do registro de tarifa e obtêm um ID de Tarifação com base nos parâmetros fornecidos')
INSERT INTO TBSYSFUN (SYSAPL,SYSTBL,SYSROL, SYSMTH,SYSPRC,SYSDSC) VALUES (1,28,120,'I1BilletTax','','Efetua o Cálculo de uma Tarifa de Boleto')
INSERT INTO TBSYSFUN (SYSAPL,SYSTBL,SYSROL, SYSMTH,SYSPRC,SYSDSC) VALUES (1,28,125,'I1Calculate','','Efetua o Cálculo de uma tarifa com base nos parâmetros fornecidos')
INSERT INTO TBSYSFUN (SYSAPL,SYSTBL,SYSROL, SYSMTH,SYSPRC,SYSDSC) VALUES (1,28,130,'CalculateValue','PRCADTARCALVAL','Obtêm o valor de tarifação de acordo com os parâmetros fornecidos')
INSERT INTO TBSYSFUN (SYSAPL,SYSTBL,SYSROL, SYSMTH,SYSPRC,SYSDSC) VALUES (1,28,135,'I1CalculateValue','','Efetua o cálculo de uma tarifa com base nos parâmetros fornecidos')
INSERT INTO TBSYSFUN (SYSAPL,SYSTBL,SYSROL, SYSMTH,SYSPRC,SYSDSC) VALUES (1,28,140,'I2Calculate','','Efetua o cálculo de uma tarifa com basee nos parâmetros fornecidos')
INSERT INTO TBSYSFUN (SYSAPL,SYSTBL,SYSROL, SYSMTH,SYSPRC,SYSDSC) VALUES (1,28,145,'Calculate','PRCADTARCALNID','Verifica o usuário detentor do registro de tarifa e obtêm um ID de Tarifação com base nos parâmetros fornecidos')
INSERT INTO TBSYSFUN (SYSAPL,SYSTBL,SYSROL, SYSMTH,SYSPRC,SYSDSC) VALUES (1,28,150,'GetExpandeRate','PRCADTARGETEXPTAR','Obtêm a tarifa expandida de registro de tarifação')
INSERT INTO TBSYSFUN (SYSAPL,SYSTBL,SYSROL, SYSMTH,SYSPRC,SYSDSC) VALUES (1,28,155,'CopyManagersFee','PRCADTARGERCPY','Processa a cópia de tarifas de gestores')
INSERT INTO TBSYSFUN (SYSAPL,SYSTBL,SYSROL, SYSMTH,SYSPRC,SYSDSC) VALUES (1,28,160,'CopyUsersFee','PRCADTARUSRCPY','Processa a cópia de tarifas de usuarios')
INSERT INTO TBSYSFUN (SYSAPL,SYSTBL,SYSROL, SYSMTH,SYSPRC,SYSDSC) VALUES (1,28,165,'InactiveRates','PRCADTARINAALL','Processa a inativação de registros de tarifas de usuarios ou gestores inativos')
INSERT INTO TBSYSFUN (SYSAPL,SYSTBL,SYSROL, SYSMTH,SYSPRC,SYSDSC) VALUES (1,29,10,'Insert','PRCFGBOLINS','Inclusão de Registros na tabela TBCFGBOL Ticket Configuration')
INSERT INTO TBSYSFUN (SYSAPL,SYSTBL,SYSROL, SYSMTH,SYSPRC,SYSDSC) VALUES (1,29,20,'Update','PRCFGBOLUPD','Alteração de Registros na tabela TBCFGBOL Ticket Configuration')
INSERT INTO TBSYSFUN (SYSAPL,SYSTBL,SYSROL, SYSMTH,SYSPRC,SYSDSC) VALUES (1,30,10,'Insert','PRMODTARINS','Inclusão de Registros na tabela TBMODTAR Tariff Modality')
INSERT INTO TBSYSFUN (SYSAPL,SYSTBL,SYSROL, SYSMTH,SYSPRC,SYSDSC) VALUES (1,30,20,'Update','PRMODTARUPD','Alteração de Registros na tabela TBMODTAR Tariff Modality')
INSERT INTO TBSYSFUN (SYSAPL,SYSTBL,SYSROL, SYSMTH,SYSPRC,SYSDSC) VALUES (1,29,100,'Locate','PRCFGBOLOCREC','Localiza um id de registro de configuração de boleto de acordo com os parâmetros fornecidos')
INSERT INTO TBSYSFUN (SYSAPL,SYSTBL,SYSROL, SYSMTH,SYSPRC,SYSDSC) VALUES (1,31,10,'Insert','PRTARMOVINS','Inclusão de Registros na tabela TBTARMOV Associação de Tarifas e Operações')
INSERT INTO TBSYSFUN (SYSAPL,SYSTBL,SYSROL, SYSMTH,SYSPRC,SYSDSC) VALUES (1,31,20,'Update','PRTARMOVUPD','Alteração de Registros na tabela TBTARMOV Associação de Tarifas e Operações')
INSERT INTO TBSYSFUN (SYSAPL,SYSTBL,SYSROL, SYSMTH,SYSPRC,SYSDSC) VALUES (1,32,10,'Insert','PRCADTARINS','Inclusão de Registros na tabela TBCADTAR Tariffs')
INSERT INTO TBSYSFUN (SYSAPL,SYSTBL,SYSROL, SYSMTH,SYSPRC,SYSDSC) VALUES (1,32,20,'Update','PRCADTARUPD','Alteração de Registros na tabela TBCADTAR Tariffs')
INSERT INTO TBSYSFUN (SYSAPL,SYSTBL,SYSROL, SYSMTH,SYSPRC,SYSDSC) VALUES (1,32,100,'Find','PRCADTARFND','Procura por um registro de tarifação de acordo com os parâmetros fornecidos')
INSERT INTO TBSYSFUN (SYSAPL,SYSTBL,SYSROL, SYSMTH,SYSPRC,SYSDSC) VALUES (1,32,105,'GetExpandeTariff','PRCADTARGETEXPTAR','Obtêm a tarifa expandida de registro de tarifação')
INSERT INTO TBSYSFUN (SYSAPL,SYSTBL,SYSROL, SYSMTH,SYSPRC,SYSDSC) VALUES (1,32,110,'GetExpandeTariff','PRCADTARGETEXPTAR','Obtêm a tarifa expandida de registro de tarifação')
INSERT INTO TBSYSFUN (SYSAPL,SYSTBL,SYSROL, SYSMTH,SYSPRC,SYSDSC) VALUES (1,32,115,'GetExpandeTariff','PRCADTARGETEXPTAR','Obtêm a tarifa expandida de registro de tarifação')
INSERT INTO TBSYSFUN (SYSAPL,SYSTBL,SYSROL, SYSMTH,SYSPRC,SYSDSC) VALUES (1,32,120,'GetExpandeTariff','PRCADTARGETEXPTAR','Obtêm a tarifa expandida de registro de tarifação')
INSERT INTO TBSYSFUN (SYSAPL,SYSTBL,SYSROL, SYSMTH,SYSPRC,SYSDSC) VALUES (1,4,10,'Insert','PRTABGERINS','Inclusão de Registros na tabela TBTABGER Tabela Geral do Sistema')
INSERT INTO TBSYSFUN (SYSAPL,SYSTBL,SYSROL, SYSMTH,SYSPRC,SYSDSC) VALUES (1,4,20,'Update','PRTABGERUPD','Alteração de Registros na tabela TBTABGER Tabela Geral do Sistema')
INSERT INTO TBSYSFUN (SYSAPL,SYSTBL,SYSROL, SYSMTH,SYSPRC,SYSDSC) VALUES (1,4,100,'FindKey','PRTABGERFNDKEY','Obtêm o Id de Registro de uma Tabela Geral Baseada no Código Chave da Tabela')
INSERT INTO TBSYSFUN (SYSAPL,SYSTBL,SYSROL, SYSMTH,SYSPRC,SYSDSC) VALUES (1,4,105,'FindKeyText','PRTABGERFNDTXT','Obtêm o Id de Registro de uma Tabela Geral Baseada no Código Chave Texto da Tabela')
INSERT INTO TBSYSFUN (SYSAPL,SYSTBL,SYSROL, SYSMTH,SYSPRC,SYSDSC) VALUES (1,33,10,'Insert','PRREGBOLINS','Inclusão de Registros na tabela TBREGBOL Registro de Boletos')
INSERT INTO TBSYSFUN (SYSAPL,SYSTBL,SYSROL, SYSMTH,SYSPRC,SYSDSC) VALUES (1,33,20,'Update','PRREGBOLUPD','Alteração de Registros na tabela TBREGBOL Registro de Boletos')
INSERT INTO TBSYSFUN (SYSAPL,SYSTBL,SYSROL, SYSMTH,SYSPRC,SYSDSC) VALUES (1,34,10,'Insert','PRREGOPEINS','Inclusão de Registros na tabela TBREGOPE Registration of Operations')
INSERT INTO TBSYSFUN (SYSAPL,SYSTBL,SYSROL, SYSMTH,SYSPRC,SYSDSC) VALUES (1,34,20,'Update','PRREGOPEUPD','Alteração de Registros na tabela TBREGOPE Registration of Operations')
INSERT INTO TBSYSFUN (SYSAPL,SYSTBL,SYSROL, SYSMTH,SYSPRC,SYSDSC) VALUES (1,10,10,'Insert','PRTIPENDINS','Inclusão de Registros na tabela TBTIPEND Address Type')
INSERT INTO TBSYSFUN (SYSAPL,SYSTBL,SYSROL, SYSMTH,SYSPRC,SYSDSC) VALUES (1,10,20,'Update','PRTIPENDUPD','Alteração de Registros na tabela TBTIPEND Address Type')
INSERT INTO TBSYSFUN (SYSAPL,SYSTBL,SYSROL, SYSMTH,SYSPRC,SYSDSC) VALUES (1,11,10,'Insert','PRTIPCTOINS','Inclusão de Registros na tabela TBTIPCTO Tipos de Contato')
INSERT INTO TBSYSFUN (SYSAPL,SYSTBL,SYSROL, SYSMTH,SYSPRC,SYSDSC) VALUES (1,11,20,'Update','PRTIPCTOUPD','Alteração de Registros na tabela TBTIPCTO Tipos de Contato')
INSERT INTO TBSYSFUN (SYSAPL,SYSTBL,SYSROL, SYSMTH,SYSPRC,SYSDSC) VALUES (1,7,10,'Insert','PRTIPUSUINS','Inclusão de Registros na tabela TBTIPUSU Tipo de Usuário')
INSERT INTO TBSYSFUN (SYSAPL,SYSTBL,SYSROL, SYSMTH,SYSPRC,SYSDSC) VALUES (1,7,20,'Update','PRTIPUSUUPD','Alteração de Registros na tabela TBTIPUSU Tipo de Usuário')
INSERT INTO TBSYSFUN (SYSAPL,SYSTBL,SYSROL, SYSMTH,SYSPRC,SYSDSC) VALUES (1,35,10,'Insert','PRCADCVLINS','Inclusão de Registros na tabela TBCADCVL Linked Account')
INSERT INTO TBSYSFUN (SYSAPL,SYSTBL,SYSROL, SYSMTH,SYSPRC,SYSDSC) VALUES (1,35,100,'RemoveLinkedID','PRCADCVLREMLNK','Remove um conta vinculada da lista')
INSERT INTO TBSYSFUN (SYSAPL,SYSTBL,SYSROL, SYSMTH,SYSPRC,SYSDSC) VALUES (1,35,105,'LocateAccount','PRCADCVLLOCACT','Localiza uma conta digital conforme os parâmetros fornecidos')
INSERT INTO TBSYSFUN (SYSAPL,SYSTBL,SYSROL, SYSMTH,SYSPRC,SYSDSC) VALUES (1,35,20,'Update','PRCADCVLUPD','Alteração de Registros na tabela TBCADCVL Linked Account')

/* ADICIONA ACESSO GERAL AO GRUPO ADMINISTRADOR */ 
INSERT INTO TBSYSFXG (SYSFUN, SYSGRP)  SELECT SYSFUN, 1 FROM TBSYSFUN (NOLOCK) A
INSERT INTO TBSYSFXG (SYSFUN, SYSGRP)  SELECT SYSFUN, 3 FROM TBSYSFUN (NOLOCK) A WHERE SYSTBL=3
/* ADICIONA USUARIO AO GRUPO */

INSERT INTO TBSYSUXG  (CODUSU, SYSGRP) VALUES (2,1)
INSERT INTO TBSYSUXG  (CODUSU, SYSGRP) VALUES (3,1)
INSERT INTO TBSYSUXG  (CODUSU, SYSGRP) VALUES (4,3)
/* FINAL DO SCRIPT DE ATUALIZACAO */
GO

DECLARE @RET VARCHAR(100)
EXEC dbo.SPK_CREATECODIFIEDKEY '1234',@ret output
INSERT INTO TBLGNUSU (CODUSU, LGNTYP,REGATV,LGNUSU,PSWUSU,RSTPSW) VALUES (2,1,1,'ADMIN',@ret,0)

SET @RET=N' '
EXEC dbo.SPK_CREATECODIFIEDKEY 'orbor',@ret output
INSERT INTO TBLGNUSU (CODUSU, LGNTYP,REGATV,LGNUSU,PSWUSU,RSTPSW) VALUES (3,1,1,'ROBO',@ret,0)
SET @RET=N' '
EXEC dbo.SPK_CREATECODIFIEDKEY 'marlboro2021',@ret output
INSERT INTO TBLGNUSU (CODUSU, LGNTYP,REGATV,LGNUSU,PSWUSU,RSTPSW) VALUES (4,1,1,'CONVIDADO',@ret,0)

DECLARE @ITE INT = 1
DECLARE @ITU INT = 8
DECLARE @N1 VARCHAR(4) = ''
DECLARE @DATATV DATETIME = GETDATE();
DECLARE @APLMEN TINYINT = 0;
SELECT @APLMEN = APLMEN FROM TBUSUPRO WHERE USUPRO=2
WHILE (@ITE<=100)
	BEGIN
	        SET @N1=RIGHT('000' + CAST(@ITE AS VARCHAR),3)
			INSERT INTO TBCADCRT ( CODCRT,USUGST,KEYACC,KEYCRT,NIDLIM,NUMLOT,              NUMCRT,  VALCRT, NUMCVC,STACRT,PSWCRT,FILNAM,CODBLO,CODFOR,LOTMIG)
				        VALUES   (  @ITE ,     1,    '',    '',     0,     0, '9999123412340'+@N1, '02/24',    @ITE,   131,'1234',    '',     0,     3,     0)

            INSERT INTO TBREGCRT (CODCRT,NIDCTA,USUPRO,TIPPRO,ORGATV,ASSUSU,SECLVL, CALMEN,USUMEN, NOMPRT,         NUMCRT     ,STAPRO,STACRT,NOMCR1,NOMCR2,NOMCR3,OPRCRT,DATEXT,CODBLO,TIPPRT,DSCMOT,APLCON,APLSAQ,LOTMIG,VALCRT,DATATV)
                        VALUES   (  @ITE,     0,     2,     0,     0,  @ITU,     0,@APLMEN,      0,'GUEST ' + CONVERT(VARCHAR,@ITU),'9999123412340'+@N1,     0,   109,    '',    '',    '',     0,  NULL,     0,     1,    '',     1,     1, 0,'08/24',@DATATV);

            INSERT INTO TBREGBOL (SUBSYS,USUPRO,USUCED,USUSAC,CODAVA,STABOL,TIPBOL, VLRBOL,VLRTAR,   DATVAL,                    DATVCT)
                        VALUES (       2,     3,     2,  @ITU,     0,     1,     1, 1000+@ITU,  4.90,DATEADD(DAY,30,GETDATE()), DATEADD(DAY,30,GETDATE()))

			SET @ITE =@ITE + 1
			SET @ITU =@ITU + 1
	END

/* MENSALIDADE DO CARTAO*/
SET @ITE = 1
WHILE (@ITE<=100)
	BEGIN
		EXEC PRREGMENCRTMENCRT @ITE, 1
		SET @ITE =@ITE + 1
	END






