TRUNCATE TABLE TBCADEND
TRUNCATE TABLE TBCADCTO
TRUNCATE TABLE TBCADCTA
TRUNCATE TABLE TBTABGER
DELETE FROM TBREGCRT
DELETE FROM TBCADCRT
DELETE FROM TBUSUPRO
DELETE FROM TBCADPRO
DELETE FROM TBLINPRO/* NAO ALTERE ESTA ORDEM */
DELETE FROM RLSYSGRP
DELETE FROM TBSYSFUN
DELETE FROM TBUSUGRP
DELETE FROM TBNXTNUM
DELETE FROM TBSYSGRP
DELETE FROM TBTIPCTO
DELETE FROM TBTIPEND
DELETE FROM TBLGNUSU
DELETE FROM TBCADGER
DELETE FROM TBTIPCTA
DELETE FROM TBCADSTA
DELETE FROM TBTIPATR
DELETE FROM TBTIPUSU
DELETE FROM TBREGCRT
DELETE FROM TBCADCRT

INSERT INTO TBSYSGRP (SYSGRP, DSCGRP) VALUES (1, 'ADMINISTRADOR')
INSERT INTO TBSYSGRP (SYSGRP, DSCGRP) VALUES (2, 'SUPERVISOR')
INSERT INTO TBSYSGRP (SYSGRP, DSCGRP) VALUES (3, 'GESTORES')


INSERT INTO TBTABGER (NUMTAB, KEYCOD, DSCTAB) VALUES (0, 1, 'PAÍSES')
INSERT INTO TBTABGER (NUMTAB, KEYCOD, DSCTAB) VALUES (0, 2, 'UNIDADES DA FEDERACAO')
INSERT INTO TBTABGER (NUMTAB, KEYCOD, DSCTAB) VALUES (0, 6, 'PROXIMOS NUMEROS')
INSERT INTO TBTABGER (NUMTAB, KEYCOD, DSCTAB) VALUES (0, 7, 'STATUS DE REGISTRO')
INSERT INTO TBTABGER (NUMTAB, KEYCOD, DSCTAB) VALUES (0, 8, 'TIPO DE PESSOA')
INSERT INTO TBTABGER (NUMTAB, KEYCOD, DSCTAB) VALUES (0, 12, 'BANCOS')
INSERT INTO TBTABGER (NUMTAB, KEYCOD, DSCTAB) VALUES (0, 13, 'GÊNERO')
INSERT INTO TBTABGER (NUMTAB, KEYCOD, DSCTAB) VALUES (0, 14, 'MODULOS')
INSERT INTO TBTABGER (NUMTAB, KEYCOD, DSCTAB) VALUES (0, 20, 'TIPO DE BENEFICIARIO')
INSERT INTO TBTABGER (NUMTAB, KEYCOD, DSCTAB) VALUES (0, 23, 'ORIGEM DA CONTA')
INSERT INTO TBTABGER (NUMTAB, KEYCOD, DSCTAB) VALUES (0, 45, 'OPERADORAS DE TELEFONIA')
INSERT INTO TBTABGER (NUMTAB, KEYCOD, DSCTAB) VALUES (0, 54, 'NIVEL DE CONFIANÇA')
INSERT INTO TBTABGER (NUMTAB, KEYCOD, DSCTAB) VALUES (0, 65, 'TIPOS DE LOGON')
INSERT INTO TBTABGER (NUMTAB, KEYCOD, DSCTAB) VALUES (0, 76, 'ESTADO CIVIL')
INSERT INTO TBTABGER (NUMTAB, KEYCOD, DSCTAB) VALUES (0, 80, 'NACIONALIDADES')
INSERT INTO TBTABGER (NUMTAB, KEYCOD, DSCTAB) VALUES (0, 81, 'LOGRADOUROS')


INSERT INTO TBTABGER (NUMTAB, KEYCOD, DSCTAB) VALUES (65, 0, 'N/D')
INSERT INTO TBTABGER (NUMTAB, KEYCOD, DSCTAB) VALUES (65, 1, 'ACESSO POR LOGIN DE USUARIO E SENHA')
INSERT INTO TBTABGER (NUMTAB, KEYCOD, DSCTAB) VALUES (65, 2, 'ACESSO POR CPF/CNPJ')
INSERT INTO TBTABGER (NUMTAB, KEYCOD, DSCTAB) VALUES (65, 3, 'ACESSO POR EMAIL ATIVO')
INSERT INTO TBTABGER (NUMTAB, KEYCOD, DSCTAB) VALUES (65, 4, 'ACESSO POR NUMERO DE CARTAO ATIVO')
INSERT INTO TBTABGER (NUMTAB, KEYCOD, DSCTAB) VALUES (45, 0, 'N/D')
INSERT INTO TBTABGER (NUMTAB, KEYCOD, DSCTAB) VALUES (45, 1, 'CLARO')
INSERT INTO TBTABGER (NUMTAB, KEYCOD, DSCTAB) VALUES (45, 2, 'VIVO')
INSERT INTO TBTABGER (NUMTAB, KEYCOD, DSCTAB) VALUES (45, 3, 'TIM')
INSERT INTO TBTABGER (NUMTAB, KEYCOD, DSCTAB) VALUES (45, 4, 'OI')
INSERT INTO TBTABGER (NUMTAB, KEYCOD, DSCTAB) VALUES (45, 5, 'NEXTEL')
INSERT INTO TBTABGER (NUMTAB, KEYCOD, DSCTAB) VALUES (7, 0, 'INATIVO')
INSERT INTO TBTABGER (NUMTAB, KEYCOD, DSCTAB) VALUES (7, 1, 'ATIVO')
INSERT INTO TBTABGER (NUMTAB, KEYCOD, DSCTAB) VALUES (7, 2, 'RESERVADO')
INSERT INTO TBTABGER (NUMTAB, KEYCOD, DSCTAB) VALUES (7, 13, 'CANCELADO')
INSERT INTO TBTABGER (NUMTAB, KEYCOD, DSCTAB) VALUES (1, 1 ,'Estados Unidos');
INSERT INTO TBTABGER (NUMTAB, KEYCOD, DSCTAB) VALUES (1, 7 ,'Rússia');
INSERT INTO TBTABGER (NUMTAB, KEYCOD, DSCTAB) VALUES (1, 20,'Egipto');
INSERT INTO TBTABGER (NUMTAB, KEYCOD, DSCTAB) VALUES (1, 27,'África');
INSERT INTO TBTABGER (NUMTAB, KEYCOD, DSCTAB) VALUES (1, 30,'Grécia');
INSERT INTO TBTABGER (NUMTAB, KEYCOD, DSCTAB) VALUES (1, 31,'Países Baixos');
INSERT INTO TBTABGER (NUMTAB, KEYCOD, DSCTAB) VALUES (1, 32,'Bélgica');
INSERT INTO TBTABGER (NUMTAB, KEYCOD, DSCTAB) VALUES (1, 33,'França');
INSERT INTO TBTABGER (NUMTAB, KEYCOD, DSCTAB) VALUES (1, 34,'Espanha');
INSERT INTO TBTABGER (NUMTAB, KEYCOD, DSCTAB) VALUES (1, 36,'Hungria');
INSERT INTO TBTABGER (NUMTAB, KEYCOD, DSCTAB) VALUES (1, 39,'Itália');
INSERT INTO TBTABGER (NUMTAB, KEYCOD, DSCTAB) VALUES (1, 40,'Romênia');
INSERT INTO TBTABGER (NUMTAB, KEYCOD, DSCTAB) VALUES (1, 41,'Suíça');
INSERT INTO TBTABGER (NUMTAB, KEYCOD, DSCTAB) VALUES (1, 43,'Áustria');
INSERT INTO TBTABGER (NUMTAB, KEYCOD, DSCTAB) VALUES (1, 44,'Reino Unido');
INSERT INTO TBTABGER (NUMTAB, KEYCOD, DSCTAB) VALUES (1, 45,'Dinamarca');
INSERT INTO TBTABGER (NUMTAB, KEYCOD, DSCTAB) VALUES (1, 46,'Suécia');
INSERT INTO TBTABGER (NUMTAB, KEYCOD, DSCTAB) VALUES (1, 47,'Noruega');
INSERT INTO TBTABGER (NUMTAB, KEYCOD, DSCTAB) VALUES (1, 48,'Polônia');
INSERT INTO TBTABGER (NUMTAB, KEYCOD, DSCTAB) VALUES (1, 49,'Alemanha');
INSERT INTO TBTABGER (NUMTAB, KEYCOD, DSCTAB) VALUES (1, 51,'Peru');
INSERT INTO TBTABGER (NUMTAB, KEYCOD, DSCTAB) VALUES (1, 52,'México');
INSERT INTO TBTABGER (NUMTAB, KEYCOD, DSCTAB) VALUES (1, 53,'Cuba');
INSERT INTO TBTABGER (NUMTAB, KEYCOD, DSCTAB) VALUES (1, 54,'Argentina');
INSERT INTO TBTABGER (NUMTAB, KEYCOD, DSCTAB) VALUES (1, 55,'Brasil');
INSERT INTO TBTABGER (NUMTAB, KEYCOD, DSCTAB) VALUES (1, 56,'Chile');
INSERT INTO TBTABGER (NUMTAB, KEYCOD, DSCTAB) VALUES (1, 57,'Colômbia');
INSERT INTO TBTABGER (NUMTAB, KEYCOD, DSCTAB) VALUES (1, 58,'Venezuela');
INSERT INTO TBTABGER (NUMTAB, KEYCOD, DSCTAB) VALUES (1, 60,'Malásia');
INSERT INTO TBTABGER (NUMTAB, KEYCOD, DSCTAB) VALUES (1, 61,'Austrália');
INSERT INTO TBTABGER (NUMTAB, KEYCOD, DSCTAB) VALUES (1, 62,'Indonésia');
INSERT INTO TBTABGER (NUMTAB, KEYCOD, DSCTAB) VALUES (1, 63,'Filipinas');
INSERT INTO TBTABGER (NUMTAB, KEYCOD, DSCTAB) VALUES (1, 64,'Nova Zelândia');
INSERT INTO TBTABGER (NUMTAB, KEYCOD, DSCTAB) VALUES (1, 65,'Singapura');
INSERT INTO TBTABGER (NUMTAB, KEYCOD, DSCTAB) VALUES (1, 66,'Tailândia');
INSERT INTO TBTABGER (NUMTAB, KEYCOD, DSCTAB) VALUES (1, 81,'Japão');
INSERT INTO TBTABGER (NUMTAB, KEYCOD, DSCTAB) VALUES (1, 82,'Coreia do Sul');
INSERT INTO TBTABGER (NUMTAB, KEYCOD, DSCTAB) VALUES (1, 84,'Vietnã');
INSERT INTO TBTABGER (NUMTAB, KEYCOD, DSCTAB) VALUES (1, 86,'China');
INSERT INTO TBTABGER (NUMTAB, KEYCOD, DSCTAB) VALUES (1, 90,'Turquia');
INSERT INTO TBTABGER (NUMTAB, KEYCOD, DSCTAB) VALUES (1, 91,'Índia');
INSERT INTO TBTABGER (NUMTAB, KEYCOD, DSCTAB) VALUES (1, 92,'Paquistão');
INSERT INTO TBTABGER (NUMTAB, KEYCOD, DSCTAB) VALUES (1, 93,'Afeganistão');
INSERT INTO TBTABGER (NUMTAB, KEYCOD, DSCTAB) VALUES (1, 94,'Seri Lanca');
INSERT INTO TBTABGER (NUMTAB, KEYCOD, DSCTAB) VALUES (1, 95,'Mianmar');
INSERT INTO TBTABGER (NUMTAB, KEYCOD, DSCTAB) VALUES (1, 98,'Irã');
INSERT INTO TBTABGER (NUMTAB, KEYCOD, KEYTXT, DSCTAB) VALUES (2, 1,'  ','')
INSERT INTO TBTABGER (NUMTAB, KEYCOD, KEYTXT, DSCTAB,USRDSP) VALUES (2, 1,'00','',0)
INSERT INTO TBTABGER (NUMTAB, KEYCOD, KEYTXT, DSCTAB) VALUES (2, 2,'AC','ACRE')
INSERT INTO TBTABGER (NUMTAB, KEYCOD, KEYTXT, DSCTAB) VALUES (2, 3,'AL','ALAGOAS')
INSERT INTO TBTABGER (NUMTAB, KEYCOD, KEYTXT, DSCTAB) VALUES (2, 4,'AP','AMAPA')
INSERT INTO TBTABGER (NUMTAB, KEYCOD, KEYTXT, DSCTAB) VALUES (2, 5,'AM','AMAZONAS')
INSERT INTO TBTABGER (NUMTAB, KEYCOD, KEYTXT, DSCTAB) VALUES (2, 6,'BA','BAHIA')
INSERT INTO TBTABGER (NUMTAB, KEYCOD, KEYTXT, DSCTAB) VALUES (2, 7,'CE','CEARA')
INSERT INTO TBTABGER (NUMTAB, KEYCOD, KEYTXT, DSCTAB) VALUES (2, 8,'DF','DISTRITO FEDERAL')
INSERT INTO TBTABGER (NUMTAB, KEYCOD, KEYTXT, DSCTAB) VALUES (2, 9,'ES','ESPIRITO SANTO')
INSERT INTO TBTABGER (NUMTAB, KEYCOD, KEYTXT, DSCTAB) VALUES (2, 10,'GO','GOIAS')
INSERT INTO TBTABGER (NUMTAB, KEYCOD, KEYTXT, DSCTAB) VALUES (2, 11,'MA','MARANHAO')
INSERT INTO TBTABGER (NUMTAB, KEYCOD, KEYTXT, DSCTAB) VALUES (2, 12,'MT','MATO GROSSO')
INSERT INTO TBTABGER (NUMTAB, KEYCOD, KEYTXT, DSCTAB) VALUES (2, 13,'MS','MATO GROSSO DO SUL')
INSERT INTO TBTABGER (NUMTAB, KEYCOD, KEYTXT, DSCTAB) VALUES (2, 14,'MG','MINAS GERAIS')
INSERT INTO TBTABGER (NUMTAB, KEYCOD, KEYTXT, DSCTAB) VALUES (2, 15,'PA','PARA')
INSERT INTO TBTABGER (NUMTAB, KEYCOD, KEYTXT, DSCTAB) VALUES (2, 16,'PB','PARAIBA')
INSERT INTO TBTABGER (NUMTAB, KEYCOD, KEYTXT, DSCTAB) VALUES (2, 17,'PR','PARANA')
INSERT INTO TBTABGER (NUMTAB, KEYCOD, KEYTXT, DSCTAB) VALUES (2, 18,'PE','PERNAMBUCO')
INSERT INTO TBTABGER (NUMTAB, KEYCOD, KEYTXT, DSCTAB) VALUES (2, 19,'PI','PIAUI')
INSERT INTO TBTABGER (NUMTAB, KEYCOD, KEYTXT, DSCTAB) VALUES (2, 20,'RJ','RIO DE JANEIRO')
INSERT INTO TBTABGER (NUMTAB, KEYCOD, KEYTXT, DSCTAB) VALUES (2, 21,'RN','RIO GRANDE DO NORTE')
INSERT INTO TBTABGER (NUMTAB, KEYCOD, KEYTXT, DSCTAB) VALUES (2, 22,'RS','RIO GRANDE DO SUL')
INSERT INTO TBTABGER (NUMTAB, KEYCOD, KEYTXT, DSCTAB) VALUES (2, 23,'RO','RONDONIA')
INSERT INTO TBTABGER (NUMTAB, KEYCOD, KEYTXT, DSCTAB) VALUES (2, 24,'SC','SANTA CATARINA')
INSERT INTO TBTABGER (NUMTAB, KEYCOD, KEYTXT, DSCTAB) VALUES (2, 25,'SP','SAO PAULO')
INSERT INTO TBTABGER (NUMTAB, KEYCOD, KEYTXT, DSCTAB) VALUES (2, 26,'SE','SERGIPE')
INSERT INTO TBTABGER (NUMTAB, KEYCOD, KEYTXT, DSCTAB) VALUES (2, 27,'TO','TOCANTINS')

INSERT INTO TBTABGER (NUMTAB, KEYCOD, KEYTXT, DSCTAB) VALUES (8, 1,'J','JURIDICA');
INSERT INTO TBTABGER (NUMTAB, KEYCOD, KEYTXT, DSCTAB) VALUES (8, 2,'F','FISICA');
INSERT INTO TBTABGER (NUMTAB, KEYCOD, KEYTXT, DSCTAB) VALUES (8, 3,'I','INDETERMINADA');

INSERT INTO TBTABGER (NUMTAB, KEYCOD, DSCTAB) VALUES (54, 0,'N/D');
INSERT INTO TBTABGER (NUMTAB, KEYCOD, DSCTAB) VALUES (54, 1,'BAIXA');
INSERT INTO TBTABGER (NUMTAB, KEYCOD, DSCTAB) VALUES (54, 2,'MÉDIA');
INSERT INTO TBTABGER (NUMTAB, KEYCOD, DSCTAB) VALUES (54, 3,'ALTA');

INSERT INTO TBTABGER (NUMTAB, KEYCOD, KEYTXT, DSCTAB) VALUES (12, 1,'001','BANCO DO BRASIL S.A.');
INSERT INTO TBTABGER (NUMTAB, KEYCOD, KEYTXT, DSCTAB) VALUES (12, 33,'033','BANCO SANTANDER BRASI');
INSERT INTO TBTABGER (NUMTAB, KEYCOD, KEYTXT, DSCTAB) VALUES (12, 237,'237','BANCO BRADESCO S.A.');
INSERT INTO TBTABGER (NUMTAB, KEYCOD, KEYTXT, DSCTAB) VALUES (12, 341,'341','ITAU UNIBANCO S.A.');
INSERT INTO TBTABGER (NUMTAB, KEYCOD, KEYTXT, DSCTAB) VALUES (12, 104,'104','CAIXA ECONOMICA FEDERAL');

INSERT INTO TBTABGER (NUMTAB, KEYCOD, KEYTXT, DSCTAB) VALUES (13, 0,'','N/D');
INSERT INTO TBTABGER (NUMTAB, KEYCOD, KEYTXT, DSCTAB) VALUES (13, 1,'M','MASCULINO');
INSERT INTO TBTABGER (NUMTAB, KEYCOD, KEYTXT, DSCTAB) VALUES (13, 2,'F','FEMININO');
INSERT INTO TBTABGER (NUMTAB, KEYCOD, KEYTXT, DSCTAB) VALUES (13, 3,'O','OUTRO');

INSERT INTO TBTABGER (NUMTAB, KEYCOD, KEYTXT, DSCTAB) VALUES (14, 1,'1','CADASTROS');
INSERT INTO TBTABGER (NUMTAB, KEYCOD, KEYTXT, DSCTAB) VALUES (14, 7,'7','CONTAS');
INSERT INTO TBTABGER (NUMTAB, KEYCOD, KEYTXT, DSCTAB) VALUES (14, 10,'10','MENSALIDADES');



INSERT INTO TBTABGER (NUMTAB, KEYCOD, KEYTXT, DSCTAB) VALUES (20, 0,'0','O PROPRIO FAVORECIDO');
INSERT INTO TBTABGER (NUMTAB, KEYCOD, KEYTXT, DSCTAB) VALUES (20, 1,'1','TRANSFERENCIA PARA TERCERIOS');
INSERT INTO TBTABGER (NUMTAB, KEYCOD, KEYTXT, DSCTAB) VALUES (23, 1,'1','CONTA VIRTUAL');
INSERT INTO TBTABGER (NUMTAB, KEYCOD, KEYTXT, DSCTAB) VALUES (23, 2,'2','CONTA EXTERNA');
INSERT INTO TBTABGER (NUMTAB, KEYCOD, KEYTXT, DSCTAB) VALUES (23, 3,'3','CONTA VIRTUAL VINCULADA');
INSERT INTO TBTABGER (NUMTAB, KEYCOD, KEYTXT, DSCTAB) VALUES (23, 4,'4','CONTA VIRTUAL BENEFICIOS');



INSERT INTO TBTABGER (NUMTAB, KEYCOD, KEYTXT, DSCTAB) VALUES (76, 0,'0','N/D')
INSERT INTO TBTABGER (NUMTAB, KEYCOD, KEYTXT, DSCTAB) VALUES (76, 0,'1','Solteiro (a)')
INSERT INTO TBTABGER (NUMTAB, KEYCOD, KEYTXT, DSCTAB) VALUES (76, 0,'2','Casado (a)')
INSERT INTO TBTABGER (NUMTAB, KEYCOD, KEYTXT, DSCTAB) VALUES (76, 0,'3','Divorciado (a)')
INSERT INTO TBTABGER (NUMTAB, KEYCOD, KEYTXT, DSCTAB) VALUES (76, 0,'4','Amasiado (a)')
INSERT INTO TBTABGER (NUMTAB, KEYCOD, DSCTAB) VALUES (80, 55, 'BRASILEIRA')
INSERT INTO TBTABGER (NUMTAB, KEYCOD, KEYTXT, DSCTAB) VALUES (81, 0,'0','')
INSERT INTO TBTABGER (NUMTAB, KEYCOD, KEYTXT, DSCTAB) VALUES (81, 1,'1','AEROPORTO')
INSERT INTO TBTABGER (NUMTAB, KEYCOD, KEYTXT, DSCTAB) VALUES (81, 2,'2','ALAMEDA')
INSERT INTO TBTABGER (NUMTAB, KEYCOD, KEYTXT, DSCTAB) VALUES (81, 3,'3','AREA')
INSERT INTO TBTABGER (NUMTAB, KEYCOD, KEYTXT, DSCTAB) VALUES (81, 4,'4','AVENIDA')
INSERT INTO TBTABGER (NUMTAB, KEYCOD, KEYTXT, DSCTAB) VALUES (81, 5,'5','CAMPO')
INSERT INTO TBTABGER (NUMTAB, KEYCOD, KEYTXT, DSCTAB) VALUES (81, 6,'6','CHACARA')
INSERT INTO TBTABGER (NUMTAB, KEYCOD, KEYTXT, DSCTAB) VALUES (81, 7,'7','COLONIA')
INSERT INTO TBTABGER (NUMTAB, KEYCOD, KEYTXT, DSCTAB) VALUES (81, 8,'8','CONDOMINIO')
INSERT INTO TBTABGER (NUMTAB, KEYCOD, KEYTXT, DSCTAB) VALUES (81, 9,'9','CONJUNTO')
INSERT INTO TBTABGER (NUMTAB, KEYCOD, KEYTXT, DSCTAB) VALUES (81, 10,'10','DISTRITO')
INSERT INTO TBTABGER (NUMTAB, KEYCOD, KEYTXT, DSCTAB) VALUES (81, 11,'11','ESPLANADA')
INSERT INTO TBTABGER (NUMTAB, KEYCOD, KEYTXT, DSCTAB) VALUES (81, 12,'12','ESTACAO')
INSERT INTO TBTABGER (NUMTAB, KEYCOD, KEYTXT, DSCTAB) VALUES (81, 13,'13','ESTRADA')
INSERT INTO TBTABGER (NUMTAB, KEYCOD, KEYTXT, DSCTAB) VALUES (81, 14,'14','FAVELA')
INSERT INTO TBTABGER (NUMTAB, KEYCOD, KEYTXT, DSCTAB) VALUES (81, 15,'15','FAZENDA')
INSERT INTO TBTABGER (NUMTAB, KEYCOD, KEYTXT, DSCTAB) VALUES (81, 16,'16','FEIRA')
INSERT INTO TBTABGER (NUMTAB, KEYCOD, KEYTXT, DSCTAB) VALUES (81, 17,'17','JARDIM')
INSERT INTO TBTABGER (NUMTAB, KEYCOD, KEYTXT, DSCTAB) VALUES (81, 18,'18','LADEIRA')
INSERT INTO TBTABGER (NUMTAB, KEYCOD, KEYTXT, DSCTAB) VALUES (81, 19,'19','LAGO')
INSERT INTO TBTABGER (NUMTAB, KEYCOD, KEYTXT, DSCTAB) VALUES (81, 20,'20','LAGOA')
INSERT INTO TBTABGER (NUMTAB, KEYCOD, KEYTXT, DSCTAB) VALUES (81, 21,'21','LARGO')
INSERT INTO TBTABGER (NUMTAB, KEYCOD, KEYTXT, DSCTAB) VALUES (81, 22,'22','LOTEAMENTO')
INSERT INTO TBTABGER (NUMTAB, KEYCOD, KEYTXT, DSCTAB) VALUES (81, 23,'23','MORRO')
INSERT INTO TBTABGER (NUMTAB, KEYCOD, KEYTXT, DSCTAB) VALUES (81, 24,'24','NUCLEO')
INSERT INTO TBTABGER (NUMTAB, KEYCOD, KEYTXT, DSCTAB) VALUES (81, 25,'25','PARQUE')
INSERT INTO TBTABGER (NUMTAB, KEYCOD, KEYTXT, DSCTAB) VALUES (81, 26,'26','PASSARELA')
INSERT INTO TBTABGER (NUMTAB, KEYCOD, KEYTXT, DSCTAB) VALUES (81, 27,'27','PATIO')
INSERT INTO TBTABGER (NUMTAB, KEYCOD, KEYTXT, DSCTAB) VALUES (81, 28,'28','PRACA')
INSERT INTO TBTABGER (NUMTAB, KEYCOD, KEYTXT, DSCTAB) VALUES (81, 29,'29','QUADRA')
INSERT INTO TBTABGER (NUMTAB, KEYCOD, KEYTXT, DSCTAB) VALUES (81, 30,'30','RECANTO')
INSERT INTO TBTABGER (NUMTAB, KEYCOD, KEYTXT, DSCTAB) VALUES (81, 31,'31','RESIDENCIAL')
INSERT INTO TBTABGER (NUMTAB, KEYCOD, KEYTXT, DSCTAB) VALUES (81, 32,'32','RODOVIA')
INSERT INTO TBTABGER (NUMTAB, KEYCOD, KEYTXT, DSCTAB) VALUES (81, 33,'33','RUA')
INSERT INTO TBTABGER (NUMTAB, KEYCOD, KEYTXT, DSCTAB) VALUES (81, 34,'34','SETOR')
INSERT INTO TBTABGER (NUMTAB, KEYCOD, KEYTXT, DSCTAB) VALUES (81, 35,'35','SITIO')
INSERT INTO TBTABGER (NUMTAB, KEYCOD, KEYTXT, DSCTAB) VALUES (81, 36,'36','TRAVESSA')
INSERT INTO TBTABGER (NUMTAB, KEYCOD, KEYTXT, DSCTAB) VALUES (81, 37,'37','TRECHO')
INSERT INTO TBTABGER (NUMTAB, KEYCOD, KEYTXT, DSCTAB) VALUES (81, 38,'38','TREVO')
INSERT INTO TBTABGER (NUMTAB, KEYCOD, KEYTXT, DSCTAB) VALUES (81, 39,'39','VALE')
INSERT INTO TBTABGER (NUMTAB, KEYCOD, KEYTXT, DSCTAB) VALUES (81, 40,'40','VEREDA')
INSERT INTO TBTABGER (NUMTAB, KEYCOD, KEYTXT, DSCTAB) VALUES (81, 41,'41','VIA')
INSERT INTO TBTABGER (NUMTAB, KEYCOD, KEYTXT, DSCTAB) VALUES (81, 42,'42','VIADUTO')
INSERT INTO TBTABGER (NUMTAB, KEYCOD, KEYTXT, DSCTAB) VALUES (81, 43,'43','VIELA')
INSERT INTO TBTABGER (NUMTAB, KEYCOD, KEYTXT, DSCTAB) VALUES (81, 44,'44','VILA')


UPDATE TBTABGER SET DSCTAB= UPPER((DSCTAB Collate SQL_Latin1_General_Cp1253_CI_AI)) WHERE LTRIM(RTRIM(DSCTAB))<>''
UPDATE TBTABGER SET STAREC=2 WHERE NUMTAB IN (2,6,7,82,20,65)


INSERT INTO TBCADSTA (CODSTA, DSCSTA,CODMOD, NXTSTA) VALUES (61,'ATIVO',1,0)
INSERT INTO TBCADSTA (CODSTA, DSCSTA,CODMOD, NXTSTA) VALUES (62,'PENDENTE',1,0)
INSERT INTO TBCADSTA (CODSTA, DSCSTA,CODMOD, NXTSTA) VALUES (63,'CANCELADO',1,0)
INSERT INTO TBCADSTA (CODSTA, DSCSTA,CODMOD, NXTSTA) VALUES (65,'BLOQUEADO POR ERRO CADASTRAL',1,0)

INSERT INTO TBCADSTA (CODSTA, DSCSTA,CODMOD, NXTSTA) VALUES (100,'RESERVADO',3,0)
INSERT INTO TBCADSTA (CODSTA, DSCSTA,CODMOD, NXTSTA) VALUES (101,'EM ESTOQUE',3,0)
INSERT INTO TBCADSTA (CODSTA, DSCSTA,CODMOD, NXTSTA) VALUES (103,'VENDIDO',3,0)
INSERT INTO TBCADSTA (CODSTA, DSCSTA,CODMOD, NXTSTA) VALUES (107,'EM PROCESSO DE ATIVACAO',3,0)
INSERT INTO TBCADSTA (CODSTA, DSCSTA,CODMOD, NXTSTA) VALUES (109,'CARTAO TIVO',3,0)
INSERT INTO TBCADSTA (CODSTA, DSCSTA,CODMOD, NXTSTA) VALUES (113,'BLOQUEIO TEMPORARIO',3,0)
INSERT INTO TBCADSTA (CODSTA, DSCSTA,CODMOD, NXTSTA) VALUES (114,'BLOQUEIO POR SENHA',3,0)
INSERT INTO TBCADSTA (CODSTA, DSCSTA,CODMOD, NXTSTA,DELMEN) VALUES (120,'CANCELADO',3,0,1)
INSERT INTO TBCADSTA (CODSTA, DSCSTA,CODMOD, NXTSTA) VALUES (121,'BLOQUEADO POR ERRO CADASTRAL',3,0)
INSERT INTO TBCADSTA (CODSTA, DSCSTA,CODMOD, NXTSTA,DELMEN) VALUES (125,'DESTRUICAO',3,0,1)
INSERT INTO TBCADSTA (CODSTA, DSCSTA,CODMOD, NXTSTA,DELMEN) VALUES (126,'EXTRAVIO',3,0,1)
INSERT INTO TBCADSTA (CODSTA, DSCSTA,CODMOD, NXTSTA) VALUES (127,'BLOQUEADO',3,0)
INSERT INTO TBCADSTA (CODSTA, DSCSTA,CODMOD, NXTSTA) VALUES (128,'AGUARDANDO DESBLOQUEIO',3,0)
INSERT INTO TBCADSTA (CODSTA, DSCSTA,CODMOD, NXTSTA) VALUES (129,'CARTAO EXPIRADO',3,0)
INSERT INTO TBCADSTA (CODSTA, DSCSTA,CODMOD, NXTSTA,DELMEN) VALUES (130,'ROUBADO',3,0,1)
INSERT INTO TBCADSTA (CODSTA, DSCSTA,CODMOD, NXTSTA,DELMEN) VALUES (131,'ALOCADO',3,0,0)
INSERT INTO TBCADSTA (CODSTA, DSCSTA,CODMOD, NXTSTA) VALUES (250,'ATIVA',7,0)
INSERT INTO TBCADSTA (CODSTA, DSCSTA,CODMOD, NXTSTA) VALUES (251,'PENDENTE',7,0)
INSERT INTO TBCADSTA (CODSTA, DSCSTA,CODMOD, NXTSTA) VALUES (252,'CANCELADA',7,0)
INSERT INTO TBCADSTA (CODSTA, DSCSTA,CODMOD, NXTSTA) VALUES (253,'EM APROVACAO',7,0)


INSERT INTO TBCADSTA (CODSTA, DSCSTA,CODMOD, NXTSTA,CANCHG) VALUES (261,'EM COBRANCA',10,0, 1)
INSERT INTO TBCADSTA (CODSTA, DSCSTA,CODMOD, NXTSTA,CANCHG) VALUES (262,'PAGO',10,0,0)
INSERT INTO TBCADSTA (CODSTA, DSCSTA,CODMOD, NXTSTA,CANCHG) VALUES (263,'COMPENSADO',10,0,0)
INSERT INTO TBCADSTA (CODSTA, DSCSTA,CODMOD, NXTSTA,CANCHG) VALUES (264,'ESGOTADO LIMITE DE COBRANÇA',10,0,1)
INSERT INTO TBCADSTA (CODSTA, DSCSTA,CODMOD, NXTSTA,CANCHG) VALUES (266,'DEBITADO NO CARTAO',10,0,0)
INSERT INTO TBCADSTA (CODSTA, DSCSTA,CODMOD, NXTSTA,CANCHG) VALUES (267,'CABNCELADO PELO GESTOR/USUARIO',10,0,1)
INSERT INTO TBCADSTA (CODSTA, DSCSTA,CODMOD, NXTSTA,CANCHG) VALUES (269,'CARTAO CANCELADO',10,0,1)
INSERT INTO TBCADSTA (CODSTA, DSCSTA,CODMOD, NXTSTA,CANCHG) VALUES (270,'BOLETO BANCÁRIO',10,0,0)






DELETE FROM TBTIPUSU
INSERT INTO TBTIPUSU (TIPUSU, DSCTUS) VALUES (0,'N/D');
INSERT INTO TBTIPUSU (TIPUSU, DSCTUS) VALUES (1,'ADMINISTRADOR');
INSERT INTO TBTIPUSU (TIPUSU, DSCTUS) VALUES (2,'SUPERVISOR');
INSERT INTO TBTIPUSU (TIPUSU, DSCTUS) VALUES (3,'GESTOR');
INSERT INTO TBTIPUSU (TIPUSU, DSCTUS) VALUES (4,'PORTADOR');

DELETE FROM TBTIPATR
INSERT INTO TBTIPATR (CODATR, DSCATR, USELGN,USECTA) VALUES (1,'EMPRESA',0,0);
INSERT INTO TBTIPATR (CODATR, DSCATR, USELGN,USECTA) VALUES (2,'USUARIOS',1,0);
INSERT INTO TBTIPATR (CODATR, DSCATR,USELGN,USECTA) VALUES (3,'GESTORES',1,1);
INSERT INTO TBTIPATR (CODATR, DSCATR,USELGN,USECTA) VALUES (4,'CLIENTES',1,1);
INSERT INTO TBTIPATR (CODATR, DSCATR,USELGN,USECTA) VALUES (5,'FORNECEDORES',0,0);
INSERT INTO TBTIPATR (CODATR, DSCATR,USELGN,USECTA) VALUES (6,'SACADOS',0,0);


INSERT INTO TBTIPCTO (TIPCTO, DSCCTO) VALUES (0,'N/D');
INSERT INTO TBTIPCTO (TIPCTO, DSCCTO) VALUES (1,'Residencial');
INSERT INTO TBTIPCTO (TIPCTO, DSCCTO) VALUES (2,'Comercial');
INSERT INTO TBTIPCTO (TIPCTO, DSCCTO) VALUES (3,'Celular');
UPDATE TBTIPCTO SET DSCCTO= UPPER((DSCCTO Collate SQL_Latin1_General_Cp1253_CI_AI)) WHERE LTRIM(RTRIM(DSCCTO))<>''


INSERT INTO TBTIPEND (TIPEND, DSCTEN) VALUES (0,'N/D');
INSERT INTO TBTIPEND (TIPEND, DSCTEN,REFCTO) VALUES (1,'Residencial',1);
INSERT INTO TBTIPEND (TIPEND, DSCTEN,REFCTO) VALUES (2,'Comercial',1);
INSERT INTO TBTIPEND (TIPEND, DSCTEN) VALUES (3,'Email');
INSERT INTO TBTIPEND (TIPEND, DSCTEN) VALUES (4,'WebSite');
UPDATE TBTIPEND SET DSCTEN= UPPER((DSCTEN Collate SQL_Latin1_General_Cp1253_CI_AI)) WHERE LTRIM(RTRIM(DSCTEN))<>''
INSERT INTO TBTIPCTA (TIPCTA, DSCCTA, TIPEXT) VALUES (1,'CONTA VIRTUAL', 'CV');
INSERT INTO TBTIPCTA (TIPCTA, DSCCTA, TIPEXT) VALUES (2,'CONTA CORRENTE', 'CC');
INSERT INTO TBTIPCTA (TIPCTA, DSCCTA, TIPEXT) VALUES (3,'CONTA POUPANÇA', 'CP');
UPDATE TBTIPCTA SET DSCCTA= UPPER((DSCCTA Collate SQL_Latin1_General_Cp1253_CI_AI)) WHERE LTRIM(RTRIM(DSCCTA))<>''



/* USUARIOS ADMNISTRADORES */

INSERT INTO TBCADGER (STAREC,CODUSU, CODATR,SRCUSU,NIVCFA, STAUSU, TIPUSU,TIPPES,CODPJU,NUMIRG,       CODCMF,                       NOMUSU,NOMMAE,     DATNAC,ATRPPE,CTLOPE,DSCOCO,CODNAC)
              VALUES (     2,     1,      2,     0,     3,     61,      1,   'M',   'F',    '','05866457806','AGOSTINHO DA SILVA MILAGRES',    '', '19650421',     0,     0,'',55)
INSERT INTO TBCADGER (STAREC,CODUSU, CODATR,SRCUSU,NIVCFA, STAUSU, TIPUSU,TIPPES,CODPJU,NUMIRG,       CODCMF,                       NOMUSU,NOMMAE,     DATNAC,ATRPPE,CTLOPE,DSCOCO,CODNAC)
              VALUES (     2,     2,      2,     0,     3,     61,      1,   'M',   'I',    '','01000000000010','ROBÔ',    '', '20000101',     0,     0,'',55)
INSERT INTO TBCADGER (STAREC,CODUSU, CODATR,SRCUSU,NIVCFA, STAUSU, TIPUSU,TIPPES,CODPJU,NUMIRG,       CODCMF,                       NOMUSU,NOMMAE,     DATNAC,ATRPPE,CTLOPE,DSCOCO,CODNAC)
              VALUES (     1,     3,      3,     0,     3,     61,      2,   'M',   'I',    '','01000000000011','GUEST',    '', '20000101',     0,     0,'',55)
INSERT INTO TBCADGER (STAREC,CODUSU, CODATR,SRCUSU,NIVCFA, STAUSU, TIPUSU,TIPPES,CODPJU,NUMIRG,       CODCMF,                       NOMUSU,NOMMAE,     DATNAC,ATRPPE,CTLOPE,DSCOCO,CODNAC)
              VALUES (     1,     4,      3,     0,     3,     61,      3,   'M',   'I',    '','01000000000013','GESTOR DE FABRICA',    '', '20000101',     0,     0,'',55)


INSERT INTO TBCADEND ( REGATV, CODUSU,TIPEND,TIPLOG,CODUFE,DSCEND, DSCCPL, NUMEND,DSCCID, DSCBAI, CODCEP,CODPAI,STAREC)
VALUES (1,1,1,33,'SP','JESUINO DO MONTE CARMELO','A',321,'SAO PAULO','PARQUE BOA ESPERANCA','08341295',55,1)
INSERT INTO TBCADEND ( REGATV, CODUSU,TIPEND,TIPLOG,CODUFE,DSCEND, DSCCPL, NUMEND,DSCCID, DSCBAI, CODCEP,CODPAI,STAREC)
VALUES (1,1,3,0,'','agostinho.milagres@gmail.com','',0,'','','00000000',55,1)

INSERT INTO TBCADCTA (CODUSU, NUMAGE, NUMBCO,  NUMCTA,NUMDVE,ORGCTA,TIPCTA,STACTA,    DATVAL,APLLIM,VLRLIM,TIPBNF,CODCMF,NOMBNF)
              VALUES (     3,  '0000',  '000','100001',  '1',     1,     1,   250,'20240101',     1,  1000,     0,  '','')

INSERT INTO TBLINPRO (LINPRO, DSCLIN) VALUES (1, 'CARTOES');
INSERT INTO TBCADPRO (CODPRO, DSCPRO, LINPRO,NOMFAN,ATVCDT,ATVGPA, INDBNF) VALUES (1,'CARTAO BLACK',1,'T1',0,0,0)
INSERT INTO TBCADPRO (CODPRO, DSCPRO, LINPRO,NOMFAN,ATVCDT,ATVGPA, INDBNF) VALUES (2,'CARTAO GOLD',1,'T2',0,0,0)


INSERT INTO TBUSUPRO (USUPRO, CODUSU, CODPRO) VALUES (1, 4, 1)
INSERT INTO TBUSUPRO (USUPRO, CODUSU, CODPRO) VALUES (2, 4, 2)


INSERT INTO TBNXTNUM (CODTBI, NUMNXT) VALUES (1,5) /* CADASTRO GERAL */
INSERT INTO TBNXTNUM (CODTBI, NUMNXT) VALUES (3,1) 
INSERT INTO TBNXTNUM (CODTBI, NUMNXT) VALUES (4,1) /* BASE INICIAL CONTA */
INSERT INTO TBNXTNUM (CODTBI, NUMNXT) VALUES (5,1) /* CARTOES */
INSERT INTO TBNXTNUM (CODTBI, NUMNXT) VALUES (6,1) /* ID DE TRANSACAO */
INSERT INTO TBNXTNUM (CODTBI, NUMNXT) VALUES (7,1) /* ID DE CONTROLE DE BAIXA DE BOLETOS */
INSERT INTO TBNXTNUM (CODTBI, NUMNXT) VALUES (10,1) 
INSERT INTO TBNXTNUM (CODTBI, NUMNXT) VALUES (11,1) 
INSERT INTO TBNXTNUM (CODTBI, NUMNXT) VALUES (12,1) 
INSERT INTO TBNXTNUM (CODTBI, NUMNXT) VALUES (13,1) 
INSERT INTO TBNXTNUM (CODTBI, NUMNXT) VALUES (41,1) 
INSERT INTO TBNXTNUM (CODTBI, NUMNXT) VALUES (42,3) 
INSERT INTO TBTABGER (NUMTAB, KEYCOD, KEYTXT, DSCTAB) VALUES (6, 1,'','USUARIOS')
INSERT INTO TBTABGER (NUMTAB, KEYCOD, KEYTXT, DSCTAB) VALUES (6, 3,'','PRODUTOS')
INSERT INTO TBTABGER (NUMTAB, KEYCOD, KEYTXT, DSCTAB) VALUES (6, 4,'','BASE INICIAL DA CONTA')
INSERT INTO TBTABGER (NUMTAB, KEYCOD, KEYTXT, DSCTAB) VALUES (6, 5,'','REGISTRO DE CARTOES')
INSERT INTO TBTABGER (NUMTAB, KEYCOD, KEYTXT, DSCTAB) VALUES (6, 7,'','ID DE CONTROLE DE BAIXA DE BOLETOS')
INSERT INTO TBTABGER (NUMTAB, KEYCOD, KEYTXT, DSCTAB) VALUES (6, 6,'','ID DE TRANSACAO')
INSERT INTO TBTABGER (NUMTAB, KEYCOD, KEYTXT, DSCTAB) VALUES (6, 10,'','NUMERO DE LOTE DE USUARIO')
INSERT INTO TBTABGER (NUMTAB, KEYCOD, KEYTXT, DSCTAB) VALUES (6, 11,'','NUMERO DE LOTE DE CARTOES')
INSERT INTO TBTABGER (NUMTAB, KEYCOD, KEYTXT, DSCTAB) VALUES (6, 12,'','NUMERO DE LOTE DE C/C')
INSERT INTO TBTABGER (NUMTAB, KEYCOD, KEYTXT, DSCTAB) VALUES (6, 13,'','NUMERO DE LOTE DE IMPORTACAO')
INSERT INTO TBTABGER (NUMTAB, KEYCOD, KEYTXT, DSCTAB) VALUES (6, 41,'','ID DO LOTE DE MIGRACAO DE CARTOES')
INSERT INTO TBTABGER (NUMTAB, KEYCOD, KEYTXT, DSCTAB) VALUES (6, 42,'','GESTOR DE PRODUTOS')


/* FUNCIONALIDADES*/

INSERT INTO TBSYSFUN (SYSFUN,SYSMTH,SYSPRC,SYSDSC) VALUES (100020020,'Update','PRLGNUSUUPD','Alteração de Registros na tabela TBLGNUSU Login de Usuário')
INSERT INTO TBSYSFUN (SYSFUN,SYSMTH,SYSPRC,SYSDSC) VALUES (100020100,'Logoff','','Efetua o logoff de um usuario')
INSERT INTO TBSYSFUN (SYSFUN,SYSMTH,SYSPRC,SYSDSC) VALUES (100020105,'Login','PRLGNUSULOG','Efetua um login com base nas credenciais de acesso')
INSERT INTO TBSYSFUN (SYSFUN,SYSMTH,SYSPRC,SYSDSC) VALUES (100020110,'NeedRefresh','PRLGNUSUREF','Verifica se o usuario precisa fazer um refresh de senha')
INSERT INTO TBSYSFUN (SYSFUN,SYSMTH,SYSPRC,SYSDSC) VALUES (100020115,'ChangePassword','PRLGNUSUCHGPSW','Efetua um login com base nas credenciais de acesso')
INSERT INTO TBSYSFUN (SYSFUN,SYSMTH,SYSPRC,SYSDSC) VALUES (100020120,'ResetPassword','PRLGNUSURSTPSW','Efetua um login com base nas credenciais de acesso')
INSERT INTO TBSYSFUN (SYSFUN,SYSMTH,SYSPRC,SYSDSC) VALUES (100130010,'Insert','PRSYSFUNINS','Inclusão de Registros na tabela TBSYSFUN Funcionalidades do Sistema')
INSERT INTO TBSYSFUN (SYSFUN,SYSMTH,SYSPRC,SYSDSC) VALUES (100130020,'Update','PRSYSFUNUPD','Alteração de Registros na tabela TBSYSFUN Funcionalidades do Sistema')

/* ADICIONA ACESSO GERAL AO GRUPO ADMINISTRADOR */ 
INSERT INTO RLSYSGRP (SYSFUN, SYSGRP)  SELECT SYSFUN, 1 FROM TBSYSFUN (NOLOCK) A

/* ADICIONA USUARIO AO GRUPO */

INSERT INTO TBUSUGRP  (CODUSU, SYSGRP) VALUES (1,1)
INSERT INTO TBUSUGRP  (CODUSU, SYSGRP) VALUES (2,1)
INSERT INTO TBUSUGRP  (CODUSU, SYSGRP) VALUES (3,1)
/* FINAL DO SCRIPT DE ATUALIZACAO */
GO


INSERT INTO TBLGNUSU (CODUSU, LGNTYP,REGATV,LGNUSU,PSWUSU,RSTPSW) VALUES (1,1,1,'ADMIN','1234',0)
INSERT INTO TBLGNUSU (CODUSU, LGNTYP,REGATV,LGNUSU,PSWUSU,RSTPSW) VALUES (2,1,1,'ROBO','OBOR',0)
INSERT INTO TBLGNUSU (CODUSU, LGNTYP,REGATV,LGNUSU,PSWUSU,RSTPSW) VALUES (3,1,1,'CONVIDADO','GUEST',0)

DECLARE @ITE INT = 1
DECLARE @N1 VARCHAR(4) = ''
WHILE (@ITE<=100)
	BEGIN
	        SET @N1=RIGHT('000' + CAST(@ITE AS VARCHAR),3)
			INSERT INTO TBCADCRT ( CODCRT,USUGST,KEYACC,KEYCRT,NIDLIM,NUMLOT,              NUMCRT,  VALCRT, NUMCVC,STACRT,PSWCRT,FILNAM,CODBLO,CODFOR,LOTMIG)
				        VALUES   (  @ITE ,     3,    '',    '',     0,     0, '9999123412340'+@N1, '02/24',    @ITE,   131,'1234',    '',     0,     3,     0)

            INSERT INTO TBREGCRT (CODCRT,NIDCTA,USUPRO,TIPPRO,ORGATV,ASSUSU,SECLVL,CALMEN,USUMEN, NOMPRT,         NUMCRT     ,STAPRO,STACRT,NOMCR1,NOMCR2,NOMCR3,OPRCRT,DATEXT,CODBLO,TIPPRT,DSCMOT,APLCON,APLSAQ,LOTMIG)
                        VALUES   (  @ITE,     0,     2,     0,     0,     3,     0,     0,      0,'GUEST','9999123412340'+@N1,     0,   109,    '',    '',    '',     0,  NULL,     0,     1,    '',     1,     1, 0);
			SET @ITE =@ITE + 1
	END








